Workbook
Name LST_Classes: Référentiels!$B$5:$B$27
Name LST_Matieres: Référentiels!$G$5:$G$24
Name LST_Profs: Référentiels!$K$5:$K$41
Name LST_Salles: Référentiels!$O$5:$O$16
Name LST_Modes: Référentiels!$Q$5:$Q$7
Name LST_Rythmes: Référentiels!$S$5:$S$9
Name LST_Statuts: Référentiels!$AB$5:$AB$10

Sheet Sommaire
B2: EMPLOI DU TEMPS — ANNÉE SCOLAIRE 2026-2027
B3: Septembre et octobre 2026 · 23 classes · 7 semaines · du 14 septembre au 1er novembre 2026
B5: NAVIGATION — cliquer sur un nom de feuille
B6: Feuille | C6: Contenu | D6: Séances | E6: Type
B7: Planning | C7: Table de référence : 1 ligne = 1 groupe dans une séance. C’est ICI que l’on modifie les données. | D7: =COUNTIF(Planning!$S$4:$S$863,"Oui") | E7: Saisie
B8: Référentiels | C8: Listes des classes, matières, enseignants, salles, modes, rythmes et semaines. | D8: — | E8: Paramètres
B9: Contrôles | C9: 21 contrôles automatiques + toutes les décisions prises pour construire octobre. | D9: — | E9: Fiabilité
B10: Récapitulatif | C10: Indicateurs : volumes par semaine, cycle, matière et jour. | D10: — | E10: Pilotage
B11: Vue Enseignants | C11: Charge de chaque enseignant, semaine par semaine (séances et heures). | D11: — | E11: Pilotage
B12: S1 14-20 sept | C12: Grille imprimable — du 14 au 20 septembre 2026 (semaine A). | D12: =COUNTIFS(Planning!$A$4:$A$863,"S1",Planning!$S$4:$S$863,"Oui") | E12: Septembre
B13: S2 21-27 sept | C13: Grille imprimable — du 21 au 27 septembre 2026 (semaine B). | D13: =COUNTIFS(Planning!$A$4:$A$863,"S2",Planning!$S$4:$S$863,"Oui") | E13: Septembre
B14: S3 28 sept-04 oct | C14: Grille imprimable — du 28 septembre au 4 octobre 2026 (semaine A). | D14: =COUNTIFS(Planning!$A$4:$A$863,"S3",Planning!$S$4:$S$863,"Oui") | E14: Référence
B15: S4 05-11 oct | C15: Grille imprimable — du 5 au 11 octobre 2026 (semaine B). | D15: =COUNTIFS(Planning!$A$4:$A$863,"S4",Planning!$S$4:$S$863,"Oui") | E15: Octobre
B16: S5 12-18 oct | C16: Grille imprimable — du 12 au 18 octobre 2026 (semaine A). | D16: =COUNTIFS(Planning!$A$4:$A$863,"S5",Planning!$S$4:$S$863,"Oui") | E16: Octobre
B17: S6 19-25 oct | C17: Grille imprimable — du 19 au 25 octobre 2026 (semaine B). | D17: =COUNTIFS(Planning!$A$4:$A$863,"S6",Planning!$S$4:$S$863,"Oui") | E17: Octobre
B18: S7 26 oct-01 nov | C18: Grille imprimable — du 26 octobre au 1er novembre 2026 (semaine A). | D18: =COUNTIFS(Planning!$A$4:$A$863,"S7",Planning!$S$4:$S$863,"Oui") | E18: Octobre
B20: LÉGENDE
B21: COULEUR DES CASES — une couleur par matière
B22: Math | C22: Écrit dans la case : Math ou رياضيات
B23: Physique | C23: Écrit dans la case : Physique ou فيزياء
B24: Français
B25: Arabe | C25: Écrit dans la case : Arabe ou عربية
B26: Anglais
B27: SVT
B28: Éveil scientifique | C28: Écrit dans la case : Éveil scientifique ou إيقاظ علمي
B29: Histoire
B30: Géographie
B31: Philo
B32: Eco
B33: Gestion
B34: Informatique
B35: ALGO
B36: STI
B37: Espagnol
B38: Italien
B39: COULEUR DE LA COLONNE CLASSE — cycle
B40: Primaire | C40: 4éme, 5éme, 6éme Pilote (A), 6éme (B)
B41: Collège | C41: 7éme, 8éme et 9éme (8 groupes)
B42: Secondaire | C42: 1ére, 2éme et 3éme (8 groupes)
B43: Bac | C43: Bac Eco, Bac SCE, Bac INFO
B44: STATUT — couleur PRIORITAIRE, posée dans la colonne Statut de Planning
B45: Annulé | C45: Remplace la couleur de la matière ; apparaît dans la case précédé de ⚑
B46: Examen / Devoir | C46: Remplace la couleur de la matière ; apparaît dans la case précédé de ⚑
B47: Rattrapage | C47: Remplace la couleur de la matière ; apparaît dans la case précédé de ⚑
B48: À confirmer | C48: Remplace la couleur de la matière ; apparaît dans la case précédé de ⚑
B49: Changement de salle | C49: Remplace la couleur de la matière ; apparaît dans la case précédé de ⚑
B50: Séance en ligne | C50: Remplace la couleur de la matière ; apparaît dans la case précédé de ⚑
B51: REPÈRES DANS LE TEXTE
B52: Case fusionnée | C52: SÉANCE PARTAGÉE : elle n’est écrite qu’une fois et sa case couvre toutes les classes réunies sur ce créneau
B53: Q-A | C53: Ce groupe a la séance en semaines A : 14/09 · 28/09 · 12/10 · 26/10
B54: Q-B | C54: Ce groupe a la séance en semaines B : 21/09 · 05/10 · 19/10
B55: OPT | C55: Cours au choix : le groupe se scinde sur ce créneau (Espagnol OU Italien)
B56: PONCT. | C56: Séance exceptionnelle, non récurrente (ex. rattrapage)
B57: EN LIGNE | C57: Séance à distance (à renseigner dans la colonne Mode de Planning)
B58: Case grisée | C58: Aucune séance sur ce créneau
B59: Couleur libre | C59: Toute case est recolorable à la main : les couleurs de matière sont posées en dur, pas en mise en forme conditionnelle
B60: ⚠ en rouge | C60: Conflit horaire, doublon ou anomalie détectée automatiquement
B62: MODE D’EMPLOI
B63: # | C63: Action | D63: Comment faire
B64: 1. Modifier une séance existante | C64: Dans la feuille Planning : changer l’horaire, la matière, l’enseignant, la salle ou le mode. La grille de la semaine et tous les indicateurs se mettent à jour SEULS (chaque case va chercher sa séance par son ID).
B65: 2. Ajouter ou supprimer une séance | C65: Ajouter la ligne dans Planning (recopier les formules des colonnes H et X à AD depuis la ligne du dessus). ATTENTION : la STRUCTURE des grilles (nombre de lignes par classe et cellules fusionnées) est figée à la construction — une séance ajoutée n’apparaîtra pas toute seule dans la grille. Demandez-moi de régénérer le classeur, ou reportez-la à la main.
B66: 3. Renseigner une salle ou une séance en ligne | C66: Colonnes Salle et Mode de Planning (menus déroulants). L’indication apparaît aussitôt dans la grille de la semaine.
B67: 3 bis. Mettre une séance en évidence | C67: Deux moyens. (a) Colonne Statut de Planning (Annulé, Examen, Rattrapage…) : la case prend la couleur du statut, précédée de ⚑, et cela survit à une régénération du classeur. (b) Colorer la case directement dans la grille : c’est possible partout, les couleurs de matière étant posées en dur. Un statut l’emporte toujours sur une couleur posée à la main.
B68: 4. Vérifier la fiabilité | C68: Ouvrir la feuille Contrôles : la colonne Statut doit afficher « OK » partout.
B69: 5. Imprimer ou envoyer en PDF | C69: Chaque grille est déjà paramétrée : A4 paysage, 1 page de large, saut de page à chaque changement de cycle, en-têtes répétés. Fichier ▸ Exporter au format PDF.
B70: 6. Préparer novembre | C70: Dupliquer une grille d’octobre, renommer l’onglet, mettre à jour la cellule J4 (masquée) avec le nouveau code de semaine, ajouter la semaine dans Référentiels, puis ajouter ses lignes dans Planning (filtrer une semaine existante, copier, coller et changer Semaine / Période / Date).
B72: À LIRE AVANT UTILISATION
B73: • Salle et Mode (présentiel / en ligne) sont absents du fichier d’origine : les colonnes existent mais sont vides. Aucune valeur n’a été inventée.
B74: • Le planning d’octobre a été construit à partir de la semaine du 28/09 au 04/10, désignée comme référence. Les séances par quinzaine ont été identifiées en comparant les 3 semaines de septembre.
B75: • Les 301 séances de septembre — soit 370 lignes groupe-séance — sont conservées à l’identique, y compris les fautes de frappe d’origine (colonne « Texte d’origine » de Planning).
B76: • Les séances partagées entre plusieurs groupes (Physique de Melek, Espagnol, Italien, Français de Nassima…) sont conservées comme telles : un groupe par ligne dans Planning, reliés par un même ID séance, et une seule cellule fusionnée dans la grille.
B77: • 17 décisions et points ambigus sont détaillés en bas de la feuille Contrôles. Trois méritent votre arbitrage : les Physique « /par quinzaine » de Melek, le STI du lundi en 3éme INFO, et le jeudi 15/10 (jour férié).
B78: • Chaque matière a sa propre couleur (17 teintes, liste en légende), posée EN DUR dans les cellules : vous pouvez donc recolorer n’importe quelle case à la main. Revers de la médaille : si vous changez la matière d’une séance dans Planning, le texte suit mais PAS la couleur — régénérez le classeur, ou corrigez la couleur vous-même.
B79: • Les grilles sont calculées par formules : à la première ouverture, laisser Excel recalculer (ou appuyer sur F9). Leur structure (lignes et fusions) est en revanche figée : voir le point 2 du mode d’emploi.

Sheet Planning
A1: PLANNING DES SÉANCES — Année scolaire 2026-2027
A2: TABLE DE RÉFÉRENCE : toute modification se fait ici. 1 ligne = 1 groupe dans une séance. Une séance partagée entre plusieurs groupes occupe autant de lignes que de groupes, reliées par le même ID séance (seule la 1re porte « Ligne principale = Oui », pour ne compter l'heure d'enseignement qu'une fois). Colonnes Y à AG = zone technique, ne pas saisir.
A3: Semaine | B3: Période | C3: Parité | D3: Date | E3: Jour | F3: Début | G3: Fin | H3: Durée (h) | I3: Cycle | J3: Classe / Groupe | K3: Matière | L3: Matière (normalisée) | M3: Enseignant | N3: Salle | O3: Mode | P3: Rythme | Q3: Séance partagée avec | R3: Nb groupes | S3: Ligne principale | T3: ID séance | U3: Origine | V3: Notes | W3: Statut | X3: Cours en option | Y3: ⚠ Conflit enseignant | Z3: ⚠ Conflit classe | AA3: ⚠ Doublon | AB3: ⚠ Partage incohérent | AC3: Rang | AD3: Clé | AE3: Libellé grille | AF3: Texte d'origine | AG3: Réf. cellule source
A4: S1 | B4: du 14 au 20 septembre 2026 | C4: A | D4: 46279 | E4: Lundi | F4: 0.79166667 | G4: 0.875 | H4: =IF(OR($F4="",$G4=""),"",($G4-$F4)*24) | I4: Primaire | J4: 4éme | K4: عربية | L4: Arabe | M4: Lobna | P4: Hebdomadaire | R4: 1 | S4: Oui | T4: S1-001 | U4: Original (septembre) | Y4: =IF($M4="","",IF(SUMPRODUCT(($D$4:$D$863=$D4)*($M$4:$M$863=$M4)*($T$4:$T$863<>$T4)*($F$4:$F$863<$G4)*($G$4:$G$863>$F4))>0,"⚠ CONFLIT","")) | Z4: =IF($J4="","",IF(SUMPRODUCT(($D$4:$D$863=$D4)*($J$4:$J$863=$J4)*($T$4:$T$863<>$T4)*($F$4:$F$863<$G4)*($G$4:$G$863>$F4)*(1-($X$4:$X$863="Oui")*($X4="Oui")))>0,"⚠ CONFLIT","")) | AA4: =IF(COUNTIFS($D$4:$D$863,$D4,$J$4:$J$863,$J4,$F$4:$F$863,$F4,$K$4:$K$863,$K4)>1,"⚠ DOUBLON","") | AB4: =IF(COUNTIF($T$4:$T$863,$T4)<>COUNTIFS($T$4:$T$863,$T4,$D$4:$D$863,$D4,$F$4:$F$863,$F4,$G$4:$G$863,$G4,$K$4:$K$863,$K4,$M$4:$M$863,$M4),"⚠ INCOHÉRENT","") | AC4: =COUNTIFS($A$4:$A4,$A4,$J$4:$J4,$J4,$E$4:$E4,$E4) | AD4: =$A4&"|"&$J4&"|"&$E4&"|"&$AC4 | AE4: =IF($W4<>"","⚑ "&$W4&CHAR(10),"")&TEXT($F4,"hh:mm")&"-"&TEXT($G4,"hh:mm")&IF(OR($P4="Quinzaine A",AND($P4="Hebdo · groupes alternés",$C4="A"))," Q-A",IF(OR($P4="Quinzaine B",AND($P4="Hebdo · groupes alternés",$C4="B"))," Q-B",IF($P4="Exception"," PONCT.","")))&IF($X4="Oui"," OPT","")&CHAR(10)&$K4&CHAR(10)&$M4&IF($N4<>"",CHAR(10)&"Salle "&$N4,"")&IF($O4="En ligne",CHAR(10)&"EN LIGNE","")&IF($V4<>"",CHAR(10)&$V4,"") | AF4: 19h-21h عربية (Lobna) | AG4: du 14-09 jusquà le 20-09!G3
A5: S1 | B5: du 14 au 20 septembre 2026 | C5: A | D5: 46279 | E5: Lundi | F5: 0.79166667 | G5: 0.85416667 | H5: =IF(OR($F5="",$G5=""),"",($G5-$F5)*24) | I5: Primaire | J5: 6éme Pilote (A) | K5: Français | L5: Français | M5: Hend | P5: Hebdomadaire | R5: 1 | S5: Oui | T5: S1-002 | U5: Original (septembre) | Y5: =IF($M5="","",IF(SUMPRODUCT(($D$4:$D$863=$D5)*($M$4:$M$863=$M5)*($T$4:$T$863<>$T5)*($F$4:$F$863<$G5)*($G$4:$G$863>$F5))>0,"⚠ CONFLIT","")) | Z5: =IF($J5="","",IF(SUMPRODUCT(($D$4:$D$863=$D5)*($J$4:$J$863=$J5)*($T$4:$T$863<>$T5)*($F$4:$F$863<$G5)*($G$4:$G$863>$F5)*(1-($X$4:$X$863="Oui")*($X5="Oui")))>0,"⚠ CONFLIT","")) | AA5: =IF(COUNTIFS($D$4:$D$863,$D5,$J$4:$J$863,$J5,$F$4:$F$863,$F5,$K$4:$K$863,$K5)>1,"⚠ DOUBLON","") | AB5: =IF(COUNTIF($T$4:$T$863,$T5)<>COUNTIFS($T$4:$T$863,$T5,$D$4:$D$863,$D5,$F$4:$F$863,$F5,$G$4:$G$863,$G5,$K$4:$K$863,$K5,$M$4:$M$863,$M5),"⚠ INCOHÉRENT","") | AC5: =COUNTIFS($A$4:$A5,$A5,$J$4:$J5,$J5,$E$4:$E5,$E5) | AD5: =$A5&"|"&$J5&"|"&$E5&"|"&$AC5 | AE5: =IF($W5<>"","⚑ "&$W5&CHAR(10),"")&TEXT($F5,"hh:mm")&"-"&TEXT($G5,"hh:mm")&IF(OR($P5="Quinzaine A",AND($P5="Hebdo · groupes alternés",$C5="A"))," Q-A",IF(OR($P5="Quinzaine B",AND($P5="Hebdo · groupes alternés",$C5="B"))," Q-B",IF($P5="Exception"," PONCT.","")))&IF($X5="Oui"," OPT","")&CHAR(10)&$K5&CHAR(10)&$M5&IF($N5<>"",CHAR(10)&"Salle "&$N5,"")&IF($O5="En ligne",CHAR(10)&"EN LIGNE","")&IF($V5<>"",CHAR(10)&$V5,"") | AF5: 19h-20h30 Français (Hend) | AG5: du 14-09 jusquà le 20-09!G12
A6: S1 | B6: du 14 au 20 septembre 2026 | C6: A | D6: 46279 | E6: Lundi | F6: 0.8125 | G6: 0.875 | H6: =IF(OR($F6="",$G6=""),"",($G6-$F6)*24) | I6: Collège | J6: 7éme (B) | K6: Arabe | L6: Arabe | M6: Yahya | P6: Hebdomadaire | R6: 1 | S6: Oui | T6: S1-003 | U6: Original (septembre) | Y6: =IF($M6="","",IF(SUMPRODUCT(($D$4:$D$863=$D6)*($M$4:$M$863=$M6)*($T$4:$T$863<>$T6)*($F$4:$F$863<$G6)*($G$4:$G$863>$F6))>0,"⚠ CONFLIT","")) | Z6: =IF($J6="","",IF(SUMPRODUCT(($D$4:$D$863=$D6)*($J$4:$J$863=$J6)*($T$4:$T$863<>$T6)*($F$4:$F$863<$G6)*($G$4:$G$863>$F6)*(1-($X$4:$X$863="Oui")*($X6="Oui")))>0,"⚠ CONFLIT","")) | AA6: =IF(COUNTIFS($D$4:$D$863,$D6,$J$4:$J$863,$J6,$F$4:$F$863,$F6,$K$4:$K$863,$K6)>1,"⚠ DOUBLON","") | AB6: =IF(COUNTIF($T$4:$T$863,$T6)<>COUNTIFS($T$4:$T$863,$T6,$D$4:$D$863,$D6,$F$4:$F$863,$F6,$G$4:$G$863,$G6,$K$4:$K$863,$K6,$M$4:$M$863,$M6),"⚠ INCOHÉRENT","") | AC6: =COUNTIFS($A$4:$A6,$A6,$J$4:$J6,$J6,$E$4:$E6,$E6) | AD6: =$A6&"|"&$J6&"|"&$E6&"|"&$AC6 | AE6: =IF($W6<>"","⚑ "&$W6&CHAR(10),"")&TEXT($F6,"hh:mm")&"-"&TEXT($G6,"hh:mm")&IF(OR($P6="Quinzaine A",AND($P6="Hebdo · groupes alternés",$C6="A"))," Q-A",IF(OR($P6="Quinzaine B",AND($P6="Hebdo · groupes alternés",$C6="B"))," Q-B",IF($P6="Exception"," PONCT.","")))&IF($X6="Oui"," OPT","")&CHAR(10)&$K6&CHAR(10)&$M6&IF($N6<>"",CHAR(10)&"Salle "&$N6,"")&IF($O6="En ligne",CHAR(10)&"EN LIGNE","")&IF($V6<>"",CHAR(10)&$V6,"") | AF6: 19h30-21h Arabe (Yahya) | AG6: du 14-09 jusquà le 20-09!G23
A7: S1 | B7: du 14 au 20 septembre 2026 | C7: A | D7: 46279 | E7: Lundi | F7: 0.8125 | G7: 0.875 | H7: =IF(OR($F7="",$G7=""),"",($G7-$F7)*24) | I7: Collège | J7: 9éme (A) | K7: فيزياء | L7: Physique | M7: Melek | P7: Hebdomadaire | Q7: 9éme (A) + 9éme (B) + 9éme (C) | R7: 3 | S7: Oui | T7: S1-004 | U7: Original (septembre) | Y7: =IF($M7="","",IF(SUMPRODUCT(($D$4:$D$863=$D7)*($M$4:$M$863=$M7)*($T$4:$T$863<>$T7)*($F$4:$F$863<$G7)*($G$4:$G$863>$F7))>0,"⚠ CONFLIT","")) | Z7: =IF($J7="","",IF(SUMPRODUCT(($D$4:$D$863=$D7)*($J$4:$J$863=$J7)*($T$4:$T$863<>$T7)*($F$4:$F$863<$G7)*($G$4:$G$863>$F7)*(1-($X$4:$X$863="Oui")*($X7="Oui")))>0,"⚠ CONFLIT","")) | AA7: =IF(COUNTIFS($D$4:$D$863,$D7,$J$4:$J$863,$J7,$F$4:$F$863,$F7,$K$4:$K$863,$K7)>1,"⚠ DOUBLON","") | AB7: =IF(COUNTIF($T$4:$T$863,$T7)<>COUNTIFS($T$4:$T$863,$T7,$D$4:$D$863,$D7,$F$4:$F$863,$F7,$G$4:$G$863,$G7,$K$4:$K$863,$K7,$M$4:$M$863,$M7),"⚠ INCOHÉRENT","") | AC7: =COUNTIFS($A$4:$A7,$A7,$J$4:$J7,$J7,$E$4:$E7,$E7) | AD7: =$A7&"|"&$J7&"|"&$E7&"|"&$AC7 | AE7: =IF($W7<>"","⚑ "&$W7&CHAR(10),"")&TEXT($F7,"hh:mm")&"-"&TEXT($G7,"hh:mm")&IF(OR($P7="Quinzaine A",AND($P7="Hebdo · groupes alternés",$C7="A"))," Q-A",IF(OR($P7="Quinzaine B",AND($P7="Hebdo · groupes alternés",$C7="B"))," Q-B",IF($P7="Exception"," PONCT.","")))&IF($X7="Oui"," OPT","")&CHAR(10)&$K7&CHAR(10)&$M7&IF($N7<>"",CHAR(10)&"Salle "&$N7,"")&IF($O7="En ligne",CHAR(10)&"EN LIGNE","")&IF($V7<>"",CHAR(10)&$V7,"") | AF7: 19h30-21h فيزياء /par quinzaine (Melek) | AG7: du 14-09 jusquà le 20-09!G36
A8: S1 | B8: du 14 au 20 septembre 2026 | C8: A | D8: 46279 | E8: Lundi | F8: 0.8125 | G8: 0.875 | H8: =IF(OR($F8="",$G8=""),"",($G8-$F8)*24) | I8: Collège | J8: 9éme (B) | K8: فيزياء | L8: Physique | M8: Melek | P8: Hebdomadaire | Q8: 9éme (A) + 9éme (B) + 9éme (C) | R8: 3 | T8: S1-004 | U8: Original (septembre) | Y8: =IF($M8="","",IF(SUMPRODUCT(($D$4:$D$863=$D8)*($M$4:$M$863=$M8)*($T$4:$T$863<>$T8)*($F$4:$F$863<$G8)*($G$4:$G$863>$F8))>0,"⚠ CONFLIT","")) | Z8: =IF($J8="","",IF(SUMPRODUCT(($D$4:$D$863=$D8)*($J$4:$J$863=$J8)*($T$4:$T$863<>$T8)*($F$4:$F$863<$G8)*($G$4:$G$863>$F8)*(1-($X$4:$X$863="Oui")*($X8="Oui")))>0,"⚠ CONFLIT","")) | AA8: =IF(COUNTIFS($D$4:$D$863,$D8,$J$4:$J$863,$J8,$F$4:$F$863,$F8,$K$4:$K$863,$K8)>1,"⚠ DOUBLON","") | AB8: =IF(COUNTIF($T$4:$T$863,$T8)<>COUNTIFS($T$4:$T$863,$T8,$D$4:$D$863,$D8,$F$4:$F$863,$F8,$G$4:$G$863,$G8,$K$4:$K$863,$K8,$M$4:$M$863,$M8),"⚠ INCOHÉRENT","") | AC8: =COUNTIFS($A$4:$A8,$A8,$J$4:$J8,$J8,$E$4:$E8,$E8) | AD8: =$A8&"|"&$J8&"|"&$E8&"|"&$AC8 | AE8: =IF($W8<>"","⚑ "&$W8&CHAR(10),"")&TEXT($F8,"hh:mm")&"-"&TEXT($G8,"hh:mm")&IF(OR($P8="Quinzaine A",AND($P8="Hebdo · groupes alternés",$C8="A"))," Q-A",IF(OR($P8="Quinzaine B",AND($P8="Hebdo · groupes alternés",$C8="B"))," Q-B",IF($P8="Exception"," PONCT.","")))&IF($X8="Oui"," OPT","")&CHAR(10)&$K8&CHAR(10)&$M8&IF($N8<>"",CHAR(10)&"Salle "&$N8,"")&IF($O8="En ligne",CHAR(10)&"EN LIGNE","")&IF($V8<>"",CHAR(10)&$V8,"") | AF8: 19h30-21h فيزياء /par quinzaine (Melek) | AG8: du 14-09 jusquà le 20-09!G36
A9: S1 | B9: du 14 au 20 septembre 2026 | C9: A | D9: 46279 | E9: Lundi | F9: 0.8125 | G9: 0.875 | H9: =IF(OR($F9="",$G9=""),"",($G9-$F9)*24) | I9: Collège | J9: 9éme (C) | K9: فيزياء | L9: Physique | M9: Melek | P9: Hebdomadaire | Q9: 9éme (A) + 9éme (B) + 9éme (C) | R9: 3 | T9: S1-004 | U9: Original (septembre) | Y9: =IF($M9="","",IF(SUMPRODUCT(($D$4:$D$863=$D9)*($M$4:$M$863=$M9)*($T$4:$T$863<>$T9)*($F$4:$F$863<$G9)*($G$4:$G$863>$F9))>0,"⚠ CONFLIT","")) | Z9: =IF($J9="","",IF(SUMPRODUCT(($D$4:$D$863=$D9)*($J$4:$J$863=$J9)*($T$4:$T$863<>$T9)*($F$4:$F$863<$G9)*($G$4:$G$863>$F9)*(1-($X$4:$X$863="Oui")*($X9="Oui")))>0,"⚠ CONFLIT","")) | AA9: =IF(COUNTIFS($D$4:$D$863,$D9,$J$4:$J$863,$J9,$F$4:$F$863,$F9,$K$4:$K$863,$K9)>1,"⚠ DOUBLON","") | AB9: =IF(COUNTIF($T$4:$T$863,$T9)<>COUNTIFS($T$4:$T$863,$T9,$D$4:$D$863,$D9,$F$4:$F$863,$F9,$G$4:$G$863,$G9,$K$4:$K$863,$K9,$M$4:$M$863,$M9),"⚠ INCOHÉRENT","") | AC9: =COUNTIFS($A$4:$A9,$A9,$J$4:$J9,$J9,$E$4:$E9,$E9) | AD9: =$A9&"|"&$J9&"|"&$E9&"|"&$AC9 | AE9: =IF($W9<>"","⚑ "&$W9&CHAR(10),"")&TEXT($F9,"hh:mm")&"-"&TEXT($G9,"hh:mm")&IF(OR($P9="Quinzaine A",AND($P9="Hebdo · groupes alternés",$C9="A"))," Q-A",IF(OR($P9="Quinzaine B",AND($P9="Hebdo · groupes alternés",$C9="B"))," Q-B",IF($P9="Exception"," PONCT.","")))&IF($X9="Oui"," OPT","")&CHAR(10)&$K9&CHAR(10)&$M9&IF($N9<>"",CHAR(10)&"Salle "&$N9,"")&IF($O9="En ligne",CHAR(10)&"EN LIGNE","")&IF($V9<>"",CHAR(10)&$V9,"") | AF9: 19h30-21h فيزياء /par quinzaine (Melek) | AG9: du 14-09 jusquà le 20-09!G36
A10: S1 | B10: du 14 au 20 septembre 2026 | C10: A | D10: 46279 | E10: Lundi | F10: 0.8125 | G10: 0.875 | H10: =IF(OR($F10="",$G10=""),"",($G10-$F10)*24) | I10: Secondaire | J10: 1ére (A) | K10: Math | L10: Math | M10: Haythem | P10: Hebdomadaire | R10: 1 | S10: Oui | T10: S1-005 | U10: Original (septembre) | Y10: =IF($M10="","",IF(SUMPRODUCT(($D$4:$D$863=$D10)*($M$4:$M$863=$M10)*($T$4:$T$863<>$T10)*($F$4:$F$863<$G10)*($G$4:$G$863>$F10))>0,"⚠ CONFLIT","")) | Z10: =IF($J10="","",IF(SUMPRODUCT(($D$4:$D$863=$D10)*($J$4:$J$863=$J10)*($T$4:$T$863<>$T10)*($F$4:$F$863<$G10)*($G$4:$G$863>$F10)*(1-($X$4:$X$863="Oui")*($X10="Oui")))>0,"⚠ CONFLIT","")) | AA10: =IF(COUNTIFS($D$4:$D$863,$D10,$J$4:$J$863,$J10,$F$4:$F$863,$F10,$K$4:$K$863,$K10)>1,"⚠ DOUBLON","") | AB10: =IF(COUNTIF($T$4:$T$863,$T10)<>COUNTIFS($T$4:$T$863,$T10,$D$4:$D$863,$D10,$F$4:$F$863,$F10,$G$4:$G$863,$G10,$K$4:$K$863,$K10,$M$4:$M$863,$M10),"⚠ INCOHÉRENT","") | AC10: =COUNTIFS($A$4:$A10,$A10,$J$4:$J10,$J10,$E$4:$E10,$E10) | AD10: =$A10&"|"&$J10&"|"&$E10&"|"&$AC10 | AE10: =IF($W10<>"","⚑ "&$W10&CHAR(10),"")&TEXT($F10,"hh:mm")&"-"&TEXT($G10,"hh:mm")&IF(OR($P10="Quinzaine A",AND($P10="Hebdo · groupes alternés",$C10="A"))," Q-A",IF(OR($P10="Quinzaine B",AND($P10="Hebdo · groupes alternés",$C10="B"))," Q-B",IF($P10="Exception"," PONCT.","")))&IF($X10="Oui"," OPT","")&CHAR(10)&$K10&CHAR(10)&$M10&IF($N10<>"",CHAR(10)&"Salle "&$N10,"")&IF($O10="En ligne",CHAR(10)&"EN LIGNE","")&IF($V10<>"",CHAR(10)&$V10,"") | AF10: 19h30-21h Math (Haythem) | AG10: du 14-09 jusquà le 20-09!G48
A11: S1 | B11: du 14 au 20 septembre 2026 | C11: A | D11: 46279 | E11: Lundi | F11: 0.79166667 | G11: 0.875 | H11: =IF(OR($F11="",$G11=""),"",($G11-$F11)*24) | I11: Secondaire | J11: 2éme INFO | K11: Informatique | L11: Informatique | M11: Aymen | P11: Ponctuelle / modifiée | R11: 1 | S11: Oui | T11: S1-006 | U11: Original (septembre) | Y11: =IF($M11="","",IF(SUMPRODUCT(($D$4:$D$863=$D11)*($M$4:$M$863=$M11)*($T$4:$T$863<>$T11)*($F$4:$F$863<$G11)*($G$4:$G$863>$F11))>0,"⚠ CONFLIT","")) | Z11: =IF($J11="","",IF(SUMPRODUCT(($D$4:$D$863=$D11)*($J$4:$J$863=$J11)*($T$4:$T$863<>$T11)*($F$4:$F$863<$G11)*($G$4:$G$863>$F11)*(1-($X$4:$X$863="Oui")*($X11="Oui")))>0,"⚠ CONFLIT","")) | AA11: =IF(COUNTIFS($D$4:$D$863,$D11,$J$4:$J$863,$J11,$F$4:$F$863,$F11,$K$4:$K$863,$K11)>1,"⚠ DOUBLON","") | AB11: =IF(COUNTIF($T$4:$T$863,$T11)<>COUNTIFS($T$4:$T$863,$T11,$D$4:$D$863,$D11,$F$4:$F$863,$F11,$G$4:$G$863,$G11,$K$4:$K$863,$K11,$M$4:$M$863,$M11),"⚠ INCOHÉRENT","") | AC11: =COUNTIFS($A$4:$A11,$A11,$J$4:$J11,$J11,$E$4:$E11,$E11) | AD11: =$A11&"|"&$J11&"|"&$E11&"|"&$AC11 | AE11: =IF($W11<>"","⚑ "&$W11&CHAR(10),"")&TEXT($F11,"hh:mm")&"-"&TEXT($G11,"hh:mm")&IF(OR($P11="Quinzaine A",AND($P11="Hebdo · groupes alternés",$C11="A"))," Q-A",IF(OR($P11="Quinzaine B",AND($P11="Hebdo · groupes alternés",$C11="B"))," Q-B",IF($P11="Exception"," PONCT.","")))&IF($X11="Oui"," OPT","")&CHAR(10)&$K11&CHAR(10)&$M11&IF($N11<>"",CHAR(10)&"Salle "&$N11,"")&IF($O11="En ligne",CHAR(10)&"EN LIGNE","")&IF($V11<>"",CHAR(10)&$V11,"") | AF11: 19h-21h Informatique (Aymen) | AG11: du 14-09 jusquà le 20-09!G60
A12: S1 | B12: du 14 au 20 septembre 2026 | C12: A | D12: 46279 | E12: Lundi | F12: 0.79166667 | G12: 0.875 | H12: =IF(OR($F12="",$G12=""),"",($G12-$F12)*24) | I12: Bac | J12: Bac Eco | K12: Gestion | L12: Gestion | M12: Yassine | P12: Hebdomadaire | R12: 1 | S12: Oui | T12: S1-007 | U12: Original (septembre) | Y12: =IF($M12="","",IF(SUMPRODUCT(($D$4:$D$863=$D12)*($M$4:$M$863=$M12)*($T$4:$T$863<>$T12)*($F$4:$F$863<$G12)*($G$4:$G$863>$F12))>0,"⚠ CONFLIT","")) | Z12: =IF($J12="","",IF(SUMPRODUCT(($D$4:$D$863=$D12)*($J$4:$J$863=$J12)*($T$4:$T$863<>$T12)*($F$4:$F$863<$G12)*($G$4:$G$863>$F12)*(1-($X$4:$X$863="Oui")*($X12="Oui")))>0,"⚠ CONFLIT","")) | AA12: =IF(COUNTIFS($D$4:$D$863,$D12,$J$4:$J$863,$J12,$F$4:$F$863,$F12,$K$4:$K$863,$K12)>1,"⚠ DOUBLON","") | AB12: =IF(COUNTIF($T$4:$T$863,$T12)<>COUNTIFS($T$4:$T$863,$T12,$D$4:$D$863,$D12,$F$4:$F$863,$F12,$G$4:$G$863,$G12,$K$4:$K$863,$K12,$M$4:$M$863,$M12),"⚠ INCOHÉRENT","") | AC12: =COUNTIFS($A$4:$A12,$A12,$J$4:$J12,$J12,$E$4:$E12,$E12) | AD12: =$A12&"|"&$J12&"|"&$E12&"|"&$AC12 | AE12: =IF($W12<>"","⚑ "&$W12&CHAR(10),"")&TEXT($F12,"hh:mm")&"-"&TEXT($G12,"hh:mm")&IF(OR($P12="Quinzaine A",AND($P12="Hebdo · groupes alternés",$C12="A"))," Q-A",IF(OR($P12="Quinzaine B",AND($P12="Hebdo · groupes alternés",$C12="B"))," Q-B",IF($P12="Exception"," PONCT.","")))&IF($X12="Oui"," OPT","")&CHAR(10)&$K12&CHAR(10)&$M12&IF($N12<>"",CHAR(10)&"Salle "&$N12,"")&IF($O12="En ligne",CHAR(10)&"EN LIGNE","")&IF($V12<>"",CHAR(10)&$V12,"") | AF12: 19h-21h Gestion (Yassine) | AG12: du 14-09 jusquà le 20-09!G68
A13: S1 | B13: du 14 au 20 septembre 2026 | C13: A | D13: 46279 | E13: Lundi | F13: 0.79166667 | G13: 0.875 | H13: =IF(OR($F13="",$G13=""),"",($G13-$F13)*24) | I13: Bac | J13: Bac SCE | K13: Physique | L13: Physique | M13: Sondes | P13: Hebdomadaire | R13: 1 | S13: Oui | T13: S1-008 | U13: Original (septembre) | Y13: =IF($M13="","",IF(SUMPRODUCT(($D$4:$D$863=$D13)*($M$4:$M$863=$M13)*($T$4:$T$863<>$T13)*($F$4:$F$863<$G13)*($G$4:$G$863>$F13))>0,"⚠ CONFLIT","")) | Z13: =IF($J13="","",IF(SUMPRODUCT(($D$4:$D$863=$D13)*($J$4:$J$863=$J13)*($T$4:$T$863<>$T13)*($F$4:$F$863<$G13)*($G$4:$G$863>$F13)*(1-($X$4:$X$863="Oui")*($X13="Oui")))>0,"⚠ CONFLIT","")) | AA13: =IF(COUNTIFS($D$4:$D$863,$D13,$J$4:$J$863,$J13,$F$4:$F$863,$F13,$K$4:$K$863,$K13)>1,"⚠ DOUBLON","") | AB13: =IF(COUNTIF($T$4:$T$863,$T13)<>COUNTIFS($T$4:$T$863,$T13,$D$4:$D$863,$D13,$F$4:$F$863,$F13,$G$4:$G$863,$G13,$K$4:$K$863,$K13,$M$4:$M$863,$M13),"⚠ INCOHÉRENT","") | AC13: =COUNTIFS($A$4:$A13,$A13,$J$4:$J13,$J13,$E$4:$E13,$E13) | AD13: =$A13&"|"&$J13&"|"&$E13&"|"&$AC13 | AE13: =IF($W13<>"","⚑ "&$W13&CHAR(10),"")&TEXT($F13,"hh:mm")&"-"&TEXT($G13,"hh:mm")&IF(OR($P13="Quinzaine A",AND($P13="Hebdo · groupes alternés",$C13="A"))," Q-A",IF(OR($P13="Quinzaine B",AND($P13="Hebdo · groupes alternés",$C13="B"))," Q-B",IF($P13="Exception"," PONCT.","")))&IF($X13="Oui"," OPT","")&CHAR(10)&$K13&CHAR(10)&$M13&IF($N13<>"",CHAR(10)&"Salle "&$N13,"")&IF($O13="En ligne",CHAR(10)&"EN LIGNE","")&IF($V13<>"",CHAR(10)&$V13,"") | AF13: 19h-21h Physique (Sondes) | AG13: du 14-09 jusquà le 20-09!G74
A14: S1 | B14: du 14 au 20 septembre 2026 | C14: A | D14: 46279 | E14: Lundi | F14: 0.8125 | G14: 0.875 | H14: =IF(OR($F14="",$G14=""),"",($G14-$F14)*24) | I14: Bac | J14: Bac INFO | K14: Physique | L14: Physique | M14: Samia | P14: Hebdomadaire | R14: 1 | S14: Oui | T14: S1-009 | U14: Original (septembre) | Y14: =IF($M14="","",IF(SUMPRODUCT(($D$4:$D$863=$D14)*($M$4:$M$863=$M14)*($T$4:$T$863<>$T14)*($F$4:$F$863<$G14)*($G$4:$G$863>$F14))>0,"⚠ CONFLIT","")) | Z14: =IF($J14="","",IF(SUMPRODUCT(($D$4:$D$863=$D14)*($J$4:$J$863=$J14)*($T$4:$T$863<>$T14)*($F$4:$F$863<$G14)*($G$4:$G$863>$F14)*(1-($X$4:$X$863="Oui")*($X14="Oui")))>0,"⚠ CONFLIT","")) | AA14: =IF(COUNTIFS($D$4:$D$863,$D14,$J$4:$J$863,$J14,$F$4:$F$863,$F14,$K$4:$K$863,$K14)>1,"⚠ DOUBLON","") | AB14: =IF(COUNTIF($T$4:$T$863,$T14)<>COUNTIFS($T$4:$T$863,$T14,$D$4:$D$863,$D14,$F$4:$F$863,$F14,$G$4:$G$863,$G14,$K$4:$K$863,$K14,$M$4:$M$863,$M14),"⚠ INCOHÉRENT","") | AC14: =COUNTIFS($A$4:$A14,$A14,$J$4:$J14,$J14,$E$4:$E14,$E14) | AD14: =$A14&"|"&$J14&"|"&$E14&"|"&$AC14 | AE14: =IF($W14<>"","⚑ "&$W14&CHAR(10),"")&TEXT($F14,"hh:mm")&"-"&TEXT($G14,"hh:mm")&IF(OR($P14="Quinzaine A",AND($P14="Hebdo · groupes alternés",$C14="A"))," Q-A",IF(OR($P14="Quinzaine B",AND($P14="Hebdo · groupes alternés",$C14="B"))," Q-B",IF($P14="Exception"," PONCT.","")))&IF($X14="Oui"," OPT","")&CHAR(10)&$K14&CHAR(10)&$M14&IF($N14<>"",CHAR(10)&"Salle "&$N14,"")&IF($O14="En ligne",CHAR(10)&"EN LIGNE","")&IF($V14<>"",CHAR(10)&$V14,"") | AF14: 19h30-21h Physique (Samia) | AG14: du 14-09 jusquà le 20-09!G78
A15: S1 | B15: du 14 au 20 septembre 2026 | C15: A | D15: 46280 | E15: Mardi | F15: 0.79166667 | G15: 0.875 | H15: =IF(OR($F15="",$G15=""),"",($G15-$F15)*24) | I15: Primaire | J15: 5éme | K15: عربية | L15: Arabe | M15: Lobna | P15: Hebdomadaire | R15: 1 | S15: Oui | T15: S1-010 | U15: Original (septembre) | Y15: =IF($M15="","",IF(SUMPRODUCT(($D$4:$D$863=$D15)*($M$4:$M$863=$M15)*($T$4:$T$863<>$T15)*($F$4:$F$863<$G15)*($G$4:$G$863>$F15))>0,"⚠ CONFLIT","")) | Z15: =IF($J15="","",IF(SUMPRODUCT(($D$4:$D$863=$D15)*($J$4:$J$863=$J15)*($T$4:$T$863<>$T15)*($F$4:$F$863<$G15)*($G$4:$G$863>$F15)*(1-($X$4:$X$863="Oui")*($X15="Oui")))>0,"⚠ CONFLIT","")) | AA15: =IF(COUNTIFS($D$4:$D$863,$D15,$J$4:$J$863,$J15,$F$4:$F$863,$F15,$K$4:$K$863,$K15)>1,"⚠ DOUBLON","") | AB15: =IF(COUNTIF($T$4:$T$863,$T15)<>COUNTIFS($T$4:$T$863,$T15,$D$4:$D$863,$D15,$F$4:$F$863,$F15,$G$4:$G$863,$G15,$K$4:$K$863,$K15,$M$4:$M$863,$M15),"⚠ INCOHÉRENT","") | AC15: =COUNTIFS($A$4:$A15,$A15,$J$4:$J15,$J15,$E$4:$E15,$E15) | AD15: =$A15&"|"&$J15&"|"&$E15&"|"&$AC15 | AE15: =IF($W15<>"","⚑ "&$W15&CHAR(10),"")&TEXT($F15,"hh:mm")&"-"&TEXT($G15,"hh:mm")&IF(OR($P15="Quinzaine A",AND($P15="Hebdo · groupes alternés",$C15="A"))," Q-A",IF(OR($P15="Quinzaine B",AND($P15="Hebdo · groupes alternés",$C15="B"))," Q-B",IF($P15="Exception"," PONCT.","")))&IF($X15="Oui"," OPT","")&CHAR(10)&$K15&CHAR(10)&$M15&IF($N15<>"",CHAR(10)&"Salle "&$N15,"")&IF($O15="En ligne",CHAR(10)&"EN LIGNE","")&IF($V15<>"",CHAR(10)&$V15,"") | AF15: 19h-21h عربية (Lobna) | AG15: du 14-09 jusquà le 20-09!H6
A16: S1 | B16: du 14 au 20 septembre 2026 | C16: A | D16: 46280 | E16: Mardi | F16: 0.79166667 | G16: 0.85416667 | H16: =IF(OR($F16="",$G16=""),"",($G16-$F16)*24) | I16: Primaire | J16: 6éme (B) | K16: Français | L16: Français | M16: Hend | P16: Hebdomadaire | R16: 1 | S16: Oui | T16: S1-011 | U16: Original (septembre) | Y16: =IF($M16="","",IF(SUMPRODUCT(($D$4:$D$863=$D16)*($M$4:$M$863=$M16)*($T$4:$T$863<>$T16)*($F$4:$F$863<$G16)*($G$4:$G$863>$F16))>0,"⚠ CONFLIT","")) | Z16: =IF($J16="","",IF(SUMPRODUCT(($D$4:$D$863=$D16)*($J$4:$J$863=$J16)*($T$4:$T$863<>$T16)*($F$4:$F$863<$G16)*($G$4:$G$863>$F16)*(1-($X$4:$X$863="Oui")*($X16="Oui")))>0,"⚠ CONFLIT","")) | AA16: =IF(COUNTIFS($D$4:$D$863,$D16,$J$4:$J$863,$J16,$F$4:$F$863,$F16,$K$4:$K$863,$K16)>1,"⚠ DOUBLON","") | AB16: =IF(COUNTIF($T$4:$T$863,$T16)<>COUNTIFS($T$4:$T$863,$T16,$D$4:$D$863,$D16,$F$4:$F$863,$F16,$G$4:$G$863,$G16,$K$4:$K$863,$K16,$M$4:$M$863,$M16),"⚠ INCOHÉRENT","") | AC16: =COUNTIFS($A$4:$A16,$A16,$J$4:$J16,$J16,$E$4:$E16,$E16) | AD16: =$A16&"|"&$J16&"|"&$E16&"|"&$AC16 | AE16: =IF($W16<>"","⚑ "&$W16&CHAR(10),"")&TEXT($F16,"hh:mm")&"-"&TEXT($G16,"hh:mm")&IF(OR($P16="Quinzaine A",AND($P16="Hebdo · groupes alternés",$C16="A"))," Q-A",IF(OR($P16="Quinzaine B",AND($P16="Hebdo · groupes alternés",$C16="B"))," Q-B",IF($P16="Exception"," PONCT.","")))&IF($X16="Oui"," OPT","")&CHAR(10)&$K16&CHAR(10)&$M16&IF($N16<>"",CHAR(10)&"Salle "&$N16,"")&IF($O16="En ligne",CHAR(10)&"EN LIGNE","")&IF($V16<>"",CHAR(10)&$V16,"") | AF16: 19h-20h30 Français (Hend) | AG16: du 14-09 jusquà le 20-09!H16
A17: S1 | B17: du 14 au 20 septembre 2026 | C17: A | D17: 46280 | E17: Mardi | F17: 0.79166667 | G17: 0.85416667 | H17: =IF(OR($F17="",$G17=""),"",($G17-$F17)*24) | I17: Collège | J17: 7éme (A) | K17: Anglais | L17: Anglais | M17: Imen Ben Lazrak | P17: Hebdo · groupes alternés | R17: 1 | S17: Oui | T17: S1-012 | U17: Original (septembre) | Y17: =IF($M17="","",IF(SUMPRODUCT(($D$4:$D$863=$D17)*($M$4:$M$863=$M17)*($T$4:$T$863<>$T17)*($F$4:$F$863<$G17)*($G$4:$G$863>$F17))>0,"⚠ CONFLIT","")) | Z17: =IF($J17="","",IF(SUMPRODUCT(($D$4:$D$863=$D17)*($J$4:$J$863=$J17)*($T$4:$T$863<>$T17)*($F$4:$F$863<$G17)*($G$4:$G$863>$F17)*(1-($X$4:$X$863="Oui")*($X17="Oui")))>0,"⚠ CONFLIT","")) | AA17: =IF(COUNTIFS($D$4:$D$863,$D17,$J$4:$J$863,$J17,$F$4:$F$863,$F17,$K$4:$K$863,$K17)>1,"⚠ DOUBLON","") | AB17: =IF(COUNTIF($T$4:$T$863,$T17)<>COUNTIFS($T$4:$T$863,$T17,$D$4:$D$863,$D17,$F$4:$F$863,$F17,$G$4:$G$863,$G17,$K$4:$K$863,$K17,$M$4:$M$863,$M17),"⚠ INCOHÉRENT","") | AC17: =COUNTIFS($A$4:$A17,$A17,$J$4:$J17,$J17,$E$4:$E17,$E17) | AD17: =$A17&"|"&$J17&"|"&$E17&"|"&$AC17 | AE17: =IF($W17<>"","⚑ "&$W17&CHAR(10),"")&TEXT($F17,"hh:mm")&"-"&TEXT($G17,"hh:mm")&IF(OR($P17="Quinzaine A",AND($P17="Hebdo · groupes alternés",$C17="A"))," Q-A",IF(OR($P17="Quinzaine B",AND($P17="Hebdo · groupes alternés",$C17="B"))," Q-B",IF($P17="Exception"," PONCT.","")))&IF($X17="Oui"," OPT","")&CHAR(10)&$K17&CHAR(10)&$M17&IF($N17<>"",CHAR(10)&"Salle "&$N17,"")&IF($O17="En ligne",CHAR(10)&"EN LIGNE","")&IF($V17<>"",CHAR(10)&$V17,"") | AF17: 19h-20h30 Anglais /par quinzaine (Imen Ben Lazrak) | AG17: du 14-09 jusquà le 20-09!H19
A18: S1 | B18: du 14 au 20 septembre 2026 | C18: A | D18: 46280 | E18: Mardi | F18: 0.8125 | G18: 0.875 | H18: =IF(OR($F18="",$G18=""),"",($G18-$F18)*24) | I18: Collège | J18: 8éme (B) | K18: Arabe | L18: Arabe | M18: Yahya | P18: Hebdomadaire | Q18: 8éme (B) + 8éme (C) | R18: 2 | S18: Oui | T18: S1-013 | U18: Original (septembre) | Y18: =IF($M18="","",IF(SUMPRODUCT(($D$4:$D$863=$D18)*($M$4:$M$863=$M18)*($T$4:$T$863<>$T18)*($F$4:$F$863<$G18)*($G$4:$G$863>$F18))>0,"⚠ CONFLIT","")) | Z18: =IF($J18="","",IF(SUMPRODUCT(($D$4:$D$863=$D18)*($J$4:$J$863=$J18)*($T$4:$T$863<>$T18)*($F$4:$F$863<$G18)*($G$4:$G$863>$F18)*(1-($X$4:$X$863="Oui")*($X18="Oui")))>0,"⚠ CONFLIT","")) | AA18: =IF(COUNTIFS($D$4:$D$863,$D18,$J$4:$J$863,$J18,$F$4:$F$863,$F18,$K$4:$K$863,$K18)>1,"⚠ DOUBLON","") | AB18: =IF(COUNTIF($T$4:$T$863,$T18)<>COUNTIFS($T$4:$T$863,$T18,$D$4:$D$863,$D18,$F$4:$F$863,$F18,$G$4:$G$863,$G18,$K$4:$K$863,$K18,$M$4:$M$863,$M18),"⚠ INCOHÉRENT","") | AC18: =COUNTIFS($A$4:$A18,$A18,$J$4:$J18,$J18,$E$4:$E18,$E18) | AD18: =$A18&"|"&$J18&"|"&$E18&"|"&$AC18 | AE18: =IF($W18<>"","⚑ "&$W18&CHAR(10),"")&TEXT($F18,"hh:mm")&"-"&TEXT($G18,"hh:mm")&IF(OR($P18="Quinzaine A",AND($P18="Hebdo · groupes alternés",$C18="A"))," Q-A",IF(OR($P18="Quinzaine B",AND($P18="Hebdo · groupes alternés",$C18="B"))," Q-B",IF($P18="Exception"," PONCT.","")))&IF($X18="Oui"," OPT","")&CHAR(10)&$K18&CHAR(10)&$M18&IF($N18<>"",CHAR(10)&"Salle "&$N18,"")&IF($O18="En ligne",CHAR(10)&"EN LIGNE","")&IF($V18<>"",CHAR(10)&$V18,"") | AF18: 19h30-21h Arabe (Yahya) | AG18: du 14-09 jusquà le 20-09!H31
A19: S1 | B19: du 14 au 20 septembre 2026 | C19: A | D19: 46280 | E19: Mardi | F19: 0.8125 | G19: 0.875 | H19: =IF(OR($F19="",$G19=""),"",($G19-$F19)*24) | I19: Collège | J19: 8éme (C) | K19: Arabe | L19: Arabe | M19: Yahya | P19: Hebdomadaire | Q19: 8éme (B) + 8éme (C) | R19: 2 | T19: S1-013 | U19: Original (septembre) | Y19: =IF($M19="","",IF(SUMPRODUCT(($D$4:$D$863=$D19)*($M$4:$M$863=$M19)*($T$4:$T$863<>$T19)*($F$4:$F$863<$G19)*($G$4:$G$863>$F19))>0,"⚠ CONFLIT","")) | Z19: =IF($J19="","",IF(SUMPRODUCT(($D$4:$D$863=$D19)*($J$4:$J$863=$J19)*($T$4:$T$863<>$T19)*($F$4:$F$863<$G19)*($G$4:$G$863>$F19)*(1-($X$4:$X$863="Oui")*($X19="Oui")))>0,"⚠ CONFLIT","")) | AA19: =IF(COUNTIFS($D$4:$D$863,$D19,$J$4:$J$863,$J19,$F$4:$F$863,$F19,$K$4:$K$863,$K19)>1,"⚠ DOUBLON","") | AB19: =IF(COUNTIF($T$4:$T$863,$T19)<>COUNTIFS($T$4:$T$863,$T19,$D$4:$D$863,$D19,$F$4:$F$863,$F19,$G$4:$G$863,$G19,$K$4:$K$863,$K19,$M$4:$M$863,$M19),"⚠ INCOHÉRENT","") | AC19: =COUNTIFS($A$4:$A19,$A19,$J$4:$J19,$J19,$E$4:$E19,$E19) | AD19: =$A19&"|"&$J19&"|"&$E19&"|"&$AC19 | AE19: =IF($W19<>"","⚑ "&$W19&CHAR(10),"")&TEXT($F19,"hh:mm")&"-"&TEXT($G19,"hh:mm")&IF(OR($P19="Quinzaine A",AND($P19="Hebdo · groupes alternés",$C19="A"))," Q-A",IF(OR($P19="Quinzaine B",AND($P19="Hebdo · groupes alternés",$C19="B"))," Q-B",IF($P19="Exception"," PONCT.","")))&IF($X19="Oui"," OPT","")&CHAR(10)&$K19&CHAR(10)&$M19&IF($N19<>"",CHAR(10)&"Salle "&$N19,"")&IF($O19="En ligne",CHAR(10)&"EN LIGNE","")&IF($V19<>"",CHAR(10)&$V19,"") | AF19: 19h30-21h Arabe (Yahya) | AG19: du 14-09 jusquà le 20-09!H31
A20: S1 | B20: du 14 au 20 septembre 2026 | C20: A | D20: 46280 | E20: Mardi | F20: 0.79166667 | G20: 0.85416667 | H20: =IF(OR($F20="",$G20=""),"",($G20-$F20)*24) | I20: Collège | J20: 9éme (A) | K20: Math | L20: Math | M20: Faouzi | P20: Hebdomadaire | R20: 1 | S20: Oui | T20: S1-014 | U20: Original (septembre) | Y20: =IF($M20="","",IF(SUMPRODUCT(($D$4:$D$863=$D20)*($M$4:$M$863=$M20)*($T$4:$T$863<>$T20)*($F$4:$F$863<$G20)*($G$4:$G$863>$F20))>0,"⚠ CONFLIT","")) | Z20: =IF($J20="","",IF(SUMPRODUCT(($D$4:$D$863=$D20)*($J$4:$J$863=$J20)*($T$4:$T$863<>$T20)*($F$4:$F$863<$G20)*($G$4:$G$863>$F20)*(1-($X$4:$X$863="Oui")*($X20="Oui")))>0,"⚠ CONFLIT","")) | AA20: =IF(COUNTIFS($D$4:$D$863,$D20,$J$4:$J$863,$J20,$F$4:$F$863,$F20,$K$4:$K$863,$K20)>1,"⚠ DOUBLON","") | AB20: =IF(COUNTIF($T$4:$T$863,$T20)<>COUNTIFS($T$4:$T$863,$T20,$D$4:$D$863,$D20,$F$4:$F$863,$F20,$G$4:$G$863,$G20,$K$4:$K$863,$K20,$M$4:$M$863,$M20),"⚠ INCOHÉRENT","") | AC20: =COUNTIFS($A$4:$A20,$A20,$J$4:$J20,$J20,$E$4:$E20,$E20) | AD20: =$A20&"|"&$J20&"|"&$E20&"|"&$AC20 | AE20: =IF($W20<>"","⚑ "&$W20&CHAR(10),"")&TEXT($F20,"hh:mm")&"-"&TEXT($G20,"hh:mm")&IF(OR($P20="Quinzaine A",AND($P20="Hebdo · groupes alternés",$C20="A"))," Q-A",IF(OR($P20="Quinzaine B",AND($P20="Hebdo · groupes alternés",$C20="B"))," Q-B",IF($P20="Exception"," PONCT.","")))&IF($X20="Oui"," OPT","")&CHAR(10)&$K20&CHAR(10)&$M20&IF($N20<>"",CHAR(10)&"Salle "&$N20,"")&IF($O20="En ligne",CHAR(10)&"EN LIGNE","")&IF($V20<>"",CHAR(10)&$V20,"") | AF20: 19h-20h30 Math (Faouzi) | AG20: du 14-09 jusquà le 20-09!H36
A21: S1 | B21: du 14 au 20 septembre 2026 | C21: A | D21: 46280 | E21: Mardi | F21: 0.80208333 | G21: 0.86458333 | H21: =IF(OR($F21="",$G21=""),"",($G21-$F21)*24) | I21: Collège | J21: 9éme (B) | K21: SVT | L21: SVT | M21: Imen Jribi | P21: Hebdomadaire | R21: 1 | S21: Oui | T21: S1-015 | U21: Original (septembre) | Y21: =IF($M21="","",IF(SUMPRODUCT(($D$4:$D$863=$D21)*($M$4:$M$863=$M21)*($T$4:$T$863<>$T21)*($F$4:$F$863<$G21)*($G$4:$G$863>$F21))>0,"⚠ CONFLIT","")) | Z21: =IF($J21="","",IF(SUMPRODUCT(($D$4:$D$863=$D21)*($J$4:$J$863=$J21)*($T$4:$T$863<>$T21)*($F$4:$F$863<$G21)*($G$4:$G$863>$F21)*(1-($X$4:$X$863="Oui")*($X21="Oui")))>0,"⚠ CONFLIT","")) | AA21: =IF(COUNTIFS($D$4:$D$863,$D21,$J$4:$J$863,$J21,$F$4:$F$863,$F21,$K$4:$K$863,$K21)>1,"⚠ DOUBLON","") | AB21: =IF(COUNTIF($T$4:$T$863,$T21)<>COUNTIFS($T$4:$T$863,$T21,$D$4:$D$863,$D21,$F$4:$F$863,$F21,$G$4:$G$863,$G21,$K$4:$K$863,$K21,$M$4:$M$863,$M21),"⚠ INCOHÉRENT","") | AC21: =COUNTIFS($A$4:$A21,$A21,$J$4:$J21,$J21,$E$4:$E21,$E21) | AD21: =$A21&"|"&$J21&"|"&$E21&"|"&$AC21 | AE21: =IF($W21<>"","⚑ "&$W21&CHAR(10),"")&TEXT($F21,"hh:mm")&"-"&TEXT($G21,"hh:mm")&IF(OR($P21="Quinzaine A",AND($P21="Hebdo · groupes alternés",$C21="A"))," Q-A",IF(OR($P21="Quinzaine B",AND($P21="Hebdo · groupes alternés",$C21="B"))," Q-B",IF($P21="Exception"," PONCT.","")))&IF($X21="Oui"," OPT","")&CHAR(10)&$K21&CHAR(10)&$M21&IF($N21<>"",CHAR(10)&"Salle "&$N21,"")&IF($O21="En ligne",CHAR(10)&"EN LIGNE","")&IF($V21<>"",CHAR(10)&$V21,"") | AF21: 19h15-20h45 SVT (Imen Jribi) | AG21: du 14-09 jusquà le 20-09!H43
A22: S1 | B22: du 14 au 20 septembre 2026 | C22: A | D22: 46280 | E22: Mardi | F22: 0.8125 | G22: 0.875 | H22: =IF(OR($F22="",$G22=""),"",($G22-$F22)*24) | I22: Secondaire | J22: 1ére (A) | K22: Français | L22: Français | M22: Nassima | P22: Hebdomadaire | R22: 1 | S22: Oui | T22: S1-016 | U22: Original (septembre) | Y22: =IF($M22="","",IF(SUMPRODUCT(($D$4:$D$863=$D22)*($M$4:$M$863=$M22)*($T$4:$T$863<>$T22)*($F$4:$F$863<$G22)*($G$4:$G$863>$F22))>0,"⚠ CONFLIT","")) | Z22: =IF($J22="","",IF(SUMPRODUCT(($D$4:$D$863=$D22)*($J$4:$J$863=$J22)*($T$4:$T$863<>$T22)*($F$4:$F$863<$G22)*($G$4:$G$863>$F22)*(1-($X$4:$X$863="Oui")*($X22="Oui")))>0,"⚠ CONFLIT","")) | AA22: =IF(COUNTIFS($D$4:$D$863,$D22,$J$4:$J$863,$J22,$F$4:$F$863,$F22,$K$4:$K$863,$K22)>1,"⚠ DOUBLON","") | AB22: =IF(COUNTIF($T$4:$T$863,$T22)<>COUNTIFS($T$4:$T$863,$T22,$D$4:$D$863,$D22,$F$4:$F$863,$F22,$G$4:$G$863,$G22,$K$4:$K$863,$K22,$M$4:$M$863,$M22),"⚠ INCOHÉRENT","") | AC22: =COUNTIFS($A$4:$A22,$A22,$J$4:$J22,$J22,$E$4:$E22,$E22) | AD22: =$A22&"|"&$J22&"|"&$E22&"|"&$AC22 | AE22: =IF($W22<>"","⚑ "&$W22&CHAR(10),"")&TEXT($F22,"hh:mm")&"-"&TEXT($G22,"hh:mm")&IF(OR($P22="Quinzaine A",AND($P22="Hebdo · groupes alternés",$C22="A"))," Q-A",IF(OR($P22="Quinzaine B",AND($P22="Hebdo · groupes alternés",$C22="B"))," Q-B",IF($P22="Exception"," PONCT.","")))&IF($X22="Oui"," OPT","")&CHAR(10)&$K22&CHAR(10)&$M22&IF($N22<>"",CHAR(10)&"Salle "&$N22,"")&IF($O22="En ligne",CHAR(10)&"EN LIGNE","")&IF($V22<>"",CHAR(10)&$V22,"") | AF22: 19h30-21h Français (Nassima) | AG22: du 14-09 jusquà le 20-09!H48
A23: S1 | B23: du 14 au 20 septembre 2026 | C23: A | D23: 46280 | E23: Mardi | F23: 0.8125 | G23: 0.875 | H23: =IF(OR($F23="",$G23=""),"",($G23-$F23)*24) | I23: Secondaire | J23: 1ére (B) | K23: Math | L23: Math | M23: Haythem | P23: Hebdomadaire | R23: 1 | S23: Oui | T23: S1-017 | U23: Original (septembre) | Y23: =IF($M23="","",IF(SUMPRODUCT(($D$4:$D$863=$D23)*($M$4:$M$863=$M23)*($T$4:$T$863<>$T23)*($F$4:$F$863<$G23)*($G$4:$G$863>$F23))>0,"⚠ CONFLIT","")) | Z23: =IF($J23="","",IF(SUMPRODUCT(($D$4:$D$863=$D23)*($J$4:$J$863=$J23)*($T$4:$T$863<>$T23)*($F$4:$F$863<$G23)*($G$4:$G$863>$F23)*(1-($X$4:$X$863="Oui")*($X23="Oui")))>0,"⚠ CONFLIT","")) | AA23: =IF(COUNTIFS($D$4:$D$863,$D23,$J$4:$J$863,$J23,$F$4:$F$863,$F23,$K$4:$K$863,$K23)>1,"⚠ DOUBLON","") | AB23: =IF(COUNTIF($T$4:$T$863,$T23)<>COUNTIFS($T$4:$T$863,$T23,$D$4:$D$863,$D23,$F$4:$F$863,$F23,$G$4:$G$863,$G23,$K$4:$K$863,$K23,$M$4:$M$863,$M23),"⚠ INCOHÉRENT","") | AC23: =COUNTIFS($A$4:$A23,$A23,$J$4:$J23,$J23,$E$4:$E23,$E23) | AD23: =$A23&"|"&$J23&"|"&$E23&"|"&$AC23 | AE23: =IF($W23<>"","⚑ "&$W23&CHAR(10),"")&TEXT($F23,"hh:mm")&"-"&TEXT($G23,"hh:mm")&IF(OR($P23="Quinzaine A",AND($P23="Hebdo · groupes alternés",$C23="A"))," Q-A",IF(OR($P23="Quinzaine B",AND($P23="Hebdo · groupes alternés",$C23="B"))," Q-B",IF($P23="Exception"," PONCT.","")))&IF($X23="Oui"," OPT","")&CHAR(10)&$K23&CHAR(10)&$M23&IF($N23<>"",CHAR(10)&"Salle "&$N23,"")&IF($O23="En ligne",CHAR(10)&"EN LIGNE","")&IF($V23<>"",CHAR(10)&$V23,"") | AF23: 19h30-21h Math (Haythem) | AG23: du 14-09 jusquà le 20-09!H52
A24: S1 | B24: du 14 au 20 septembre 2026 | C24: A | D24: 46280 | E24: Mardi | F24: 0.80208333 | G24: 0.86458333 | H24: =IF(OR($F24="",$G24=""),"",($G24-$F24)*24) | I24: Secondaire | J24: 2éme Eco | K24: Anglais | L24: Anglais | M24: Imen Bennour | P24: Quinzaine A | Q24: 2éme Eco + 2éme SCE + 2éme INFO | R24: 3 | S24: Oui | T24: S1-018 | U24: Original (septembre) | Y24: =IF($M24="","",IF(SUMPRODUCT(($D$4:$D$863=$D24)*($M$4:$M$863=$M24)*($T$4:$T$863<>$T24)*($F$4:$F$863<$G24)*($G$4:$G$863>$F24))>0,"⚠ CONFLIT","")) | Z24: =IF($J24="","",IF(SUMPRODUCT(($D$4:$D$863=$D24)*($J$4:$J$863=$J24)*($T$4:$T$863<>$T24)*($F$4:$F$863<$G24)*($G$4:$G$863>$F24)*(1-($X$4:$X$863="Oui")*($X24="Oui")))>0,"⚠ CONFLIT","")) | AA24: =IF(COUNTIFS($D$4:$D$863,$D24,$J$4:$J$863,$J24,$F$4:$F$863,$F24,$K$4:$K$863,$K24)>1,"⚠ DOUBLON","") | AB24: =IF(COUNTIF($T$4:$T$863,$T24)<>COUNTIFS($T$4:$T$863,$T24,$D$4:$D$863,$D24,$F$4:$F$863,$F24,$G$4:$G$863,$G24,$K$4:$K$863,$K24,$M$4:$M$863,$M24),"⚠ INCOHÉRENT","") | AC24: =COUNTIFS($A$4:$A24,$A24,$J$4:$J24,$J24,$E$4:$E24,$E24) | AD24: =$A24&"|"&$J24&"|"&$E24&"|"&$AC24 | AE24: =IF($W24<>"","⚑ "&$W24&CHAR(10),"")&TEXT($F24,"hh:mm")&"-"&TEXT($G24,"hh:mm")&IF(OR($P24="Quinzaine A",AND($P24="Hebdo · groupes alternés",$C24="A"))," Q-A",IF(OR($P24="Quinzaine B",AND($P24="Hebdo · groupes alternés",$C24="B"))," Q-B",IF($P24="Exception"," PONCT.","")))&IF($X24="Oui"," OPT","")&CHAR(10)&$K24&CHAR(10)&$M24&IF($N24<>"",CHAR(10)&"Salle "&$N24,"")&IF($O24="En ligne",CHAR(10)&"EN LIGNE","")&IF($V24<>"",CHAR(10)&$V24,"") | AF24: 19h15-20h45 Anglais /par quinzaine (Imen Bennour) | AG24: du 14-09 jusquà le 20-09!H56
A25: S1 | B25: du 14 au 20 septembre 2026 | C25: A | D25: 46280 | E25: Mardi | F25: 0.80208333 | G25: 0.86458333 | H25: =IF(OR($F25="",$G25=""),"",($G25-$F25)*24) | I25: Secondaire | J25: 2éme SCE | K25: Anglais | L25: Anglais | M25: Imen Bennour | P25: Quinzaine A | Q25: 2éme Eco + 2éme SCE + 2éme INFO | R25: 3 | T25: S1-018 | U25: Original (septembre) | Y25: =IF($M25="","",IF(SUMPRODUCT(($D$4:$D$863=$D25)*($M$4:$M$863=$M25)*($T$4:$T$863<>$T25)*($F$4:$F$863<$G25)*($G$4:$G$863>$F25))>0,"⚠ CONFLIT","")) | Z25: =IF($J25="","",IF(SUMPRODUCT(($D$4:$D$863=$D25)*($J$4:$J$863=$J25)*($T$4:$T$863<>$T25)*($F$4:$F$863<$G25)*($G$4:$G$863>$F25)*(1-($X$4:$X$863="Oui")*($X25="Oui")))>0,"⚠ CONFLIT","")) | AA25: =IF(COUNTIFS($D$4:$D$863,$D25,$J$4:$J$863,$J25,$F$4:$F$863,$F25,$K$4:$K$863,$K25)>1,"⚠ DOUBLON","") | AB25: =IF(COUNTIF($T$4:$T$863,$T25)<>COUNTIFS($T$4:$T$863,$T25,$D$4:$D$863,$D25,$F$4:$F$863,$F25,$G$4:$G$863,$G25,$K$4:$K$863,$K25,$M$4:$M$863,$M25),"⚠ INCOHÉRENT","") | AC25: =COUNTIFS($A$4:$A25,$A25,$J$4:$J25,$J25,$E$4:$E25,$E25) | AD25: =$A25&"|"&$J25&"|"&$E25&"|"&$AC25 | AE25: =IF($W25<>"","⚑ "&$W25&CHAR(10),"")&TEXT($F25,"hh:mm")&"-"&TEXT($G25,"hh:mm")&IF(OR($P25="Quinzaine A",AND($P25="Hebdo · groupes alternés",$C25="A"))," Q-A",IF(OR($P25="Quinzaine B",AND($P25="Hebdo · groupes alternés",$C25="B"))," Q-B",IF($P25="Exception"," PONCT.","")))&IF($X25="Oui"," OPT","")&CHAR(10)&$K25&CHAR(10)&$M25&IF($N25<>"",CHAR(10)&"Salle "&$N25,"")&IF($O25="En ligne",CHAR(10)&"EN LIGNE","")&IF($V25<>"",CHAR(10)&$V25,"") | AF25: 19h15-20h45 Anglais /par quinzaine (Imen Bennour) | AG25: du 14-09 jusquà le 20-09!H56
A26: S1 | B26: du 14 au 20 septembre 2026 | C26: A | D26: 46280 | E26: Mardi | F26: 0.80208333 | G26: 0.86458333 | H26: =IF(OR($F26="",$G26=""),"",($G26-$F26)*24) | I26: Secondaire | J26: 2éme INFO | K26: Anglais | L26: Anglais | M26: Imen Bennour | P26: Quinzaine A | Q26: 2éme Eco + 2éme SCE + 2éme INFO | R26: 3 | T26: S1-018 | U26: Original (septembre) | Y26: =IF($M26="","",IF(SUMPRODUCT(($D$4:$D$863=$D26)*($M$4:$M$863=$M26)*($T$4:$T$863<>$T26)*($F$4:$F$863<$G26)*($G$4:$G$863>$F26))>0,"⚠ CONFLIT","")) | Z26: =IF($J26="","",IF(SUMPRODUCT(($D$4:$D$863=$D26)*($J$4:$J$863=$J26)*($T$4:$T$863<>$T26)*($F$4:$F$863<$G26)*($G$4:$G$863>$F26)*(1-($X$4:$X$863="Oui")*($X26="Oui")))>0,"⚠ CONFLIT","")) | AA26: =IF(COUNTIFS($D$4:$D$863,$D26,$J$4:$J$863,$J26,$F$4:$F$863,$F26,$K$4:$K$863,$K26)>1,"⚠ DOUBLON","") | AB26: =IF(COUNTIF($T$4:$T$863,$T26)<>COUNTIFS($T$4:$T$863,$T26,$D$4:$D$863,$D26,$F$4:$F$863,$F26,$G$4:$G$863,$G26,$K$4:$K$863,$K26,$M$4:$M$863,$M26),"⚠ INCOHÉRENT","") | AC26: =COUNTIFS($A$4:$A26,$A26,$J$4:$J26,$J26,$E$4:$E26,$E26) | AD26: =$A26&"|"&$J26&"|"&$E26&"|"&$AC26 | AE26: =IF($W26<>"","⚑ "&$W26&CHAR(10),"")&TEXT($F26,"hh:mm")&"-"&TEXT($G26,"hh:mm")&IF(OR($P26="Quinzaine A",AND($P26="Hebdo · groupes alternés",$C26="A"))," Q-A",IF(OR($P26="Quinzaine B",AND($P26="Hebdo · groupes alternés",$C26="B"))," Q-B",IF($P26="Exception"," PONCT.","")))&IF($X26="Oui"," OPT","")&CHAR(10)&$K26&CHAR(10)&$M26&IF($N26<>"",CHAR(10)&"Salle "&$N26,"")&IF($O26="En ligne",CHAR(10)&"EN LIGNE","")&IF($V26<>"",CHAR(10)&$V26,"") | AF26: 19h15-20h45 Anglais /par quinzaine (Imen Bennour) | AG26: du 14-09 jusquà le 20-09!H56
A27: S1 | B27: du 14 au 20 septembre 2026 | C27: A | D27: 46280 | E27: Mardi | F27: 0.80208333 | G27: 0.86458333 | H27: =IF(OR($F27="",$G27=""),"",($G27-$F27)*24) | I27: Bac | J27: Bac Eco | K27: Espagnol | L27: Espagnol | M27: Imen | P27: Hebdo · groupes alternés | Q27: Bac Eco + Bac SCE | R27: 2 | S27: Oui | T27: S1-019 | U27: Original (septembre) | X27: Oui | Y27: =IF($M27="","",IF(SUMPRODUCT(($D$4:$D$863=$D27)*($M$4:$M$863=$M27)*($T$4:$T$863<>$T27)*($F$4:$F$863<$G27)*($G$4:$G$863>$F27))>0,"⚠ CONFLIT","")) | Z27: =IF($J27="","",IF(SUMPRODUCT(($D$4:$D$863=$D27)*($J$4:$J$863=$J27)*($T$4:$T$863<>$T27)*($F$4:$F$863<$G27)*($G$4:$G$863>$F27)*(1-($X$4:$X$863="Oui")*($X27="Oui")))>0,"⚠ CONFLIT","")) | AA27: =IF(COUNTIFS($D$4:$D$863,$D27,$J$4:$J$863,$J27,$F$4:$F$863,$F27,$K$4:$K$863,$K27)>1,"⚠ DOUBLON","") | AB27: =IF(COUNTIF($T$4:$T$863,$T27)<>COUNTIFS($T$4:$T$863,$T27,$D$4:$D$863,$D27,$F$4:$F$863,$F27,$G$4:$G$863,$G27,$K$4:$K$863,$K27,$M$4:$M$863,$M27),"⚠ INCOHÉRENT","") | AC27: =COUNTIFS($A$4:$A27,$A27,$J$4:$J27,$J27,$E$4:$E27,$E27) | AD27: =$A27&"|"&$J27&"|"&$E27&"|"&$AC27 | AE27: =IF($W27<>"","⚑ "&$W27&CHAR(10),"")&TEXT($F27,"hh:mm")&"-"&TEXT($G27,"hh:mm")&IF(OR($P27="Quinzaine A",AND($P27="Hebdo · groupes alternés",$C27="A"))," Q-A",IF(OR($P27="Quinzaine B",AND($P27="Hebdo · groupes alternés",$C27="B"))," Q-B",IF($P27="Exception"," PONCT.","")))&IF($X27="Oui"," OPT","")&CHAR(10)&$K27&CHAR(10)&$M27&IF($N27<>"",CHAR(10)&"Salle "&$N27,"")&IF($O27="En ligne",CHAR(10)&"EN LIGNE","")&IF($V27<>"",CHAR(10)&$V27,"") | AF27: 19h15-20h45 Espagnol (Imen) | AG27: du 14-09 jusquà le 20-09!H68
A28: S1 | B28: du 14 au 20 septembre 2026 | C28: A | D28: 46280 | E28: Mardi | F28: 0.80208333 | G28: 0.86458333 | H28: =IF(OR($F28="",$G28=""),"",($G28-$F28)*24) | I28: Bac | J28: Bac SCE | K28: Espagnol | L28: Espagnol | M28: Imen | P28: Hebdo · groupes alternés | Q28: Bac Eco + Bac SCE | R28: 2 | T28: S1-019 | U28: Original (septembre) | X28: Oui | Y28: =IF($M28="","",IF(SUMPRODUCT(($D$4:$D$863=$D28)*($M$4:$M$863=$M28)*($T$4:$T$863<>$T28)*($F$4:$F$863<$G28)*($G$4:$G$863>$F28))>0,"⚠ CONFLIT","")) | Z28: =IF($J28="","",IF(SUMPRODUCT(($D$4:$D$863=$D28)*($J$4:$J$863=$J28)*($T$4:$T$863<>$T28)*($F$4:$F$863<$G28)*($G$4:$G$863>$F28)*(1-($X$4:$X$863="Oui")*($X28="Oui")))>0,"⚠ CONFLIT","")) | AA28: =IF(COUNTIFS($D$4:$D$863,$D28,$J$4:$J$863,$J28,$F$4:$F$863,$F28,$K$4:$K$863,$K28)>1,"⚠ DOUBLON","") | AB28: =IF(COUNTIF($T$4:$T$863,$T28)<>COUNTIFS($T$4:$T$863,$T28,$D$4:$D$863,$D28,$F$4:$F$863,$F28,$G$4:$G$863,$G28,$K$4:$K$863,$K28,$M$4:$M$863,$M28),"⚠ INCOHÉRENT","") | AC28: =COUNTIFS($A$4:$A28,$A28,$J$4:$J28,$J28,$E$4:$E28,$E28) | AD28: =$A28&"|"&$J28&"|"&$E28&"|"&$AC28 | AE28: =IF($W28<>"","⚑ "&$W28&CHAR(10),"")&TEXT($F28,"hh:mm")&"-"&TEXT($G28,"hh:mm")&IF(OR($P28="Quinzaine A",AND($P28="Hebdo · groupes alternés",$C28="A"))," Q-A",IF(OR($P28="Quinzaine B",AND($P28="Hebdo · groupes alternés",$C28="B"))," Q-B",IF($P28="Exception"," PONCT.","")))&IF($X28="Oui"," OPT","")&CHAR(10)&$K28&CHAR(10)&$M28&IF($N28<>"",CHAR(10)&"Salle "&$N28,"")&IF($O28="En ligne",CHAR(10)&"EN LIGNE","")&IF($V28<>"",CHAR(10)&$V28,"") | AF28: 19h15-20h45 Espagnol (Imen) | AG28: du 14-09 jusquà le 20-09!H68
A29: S1 | B29: du 14 au 20 septembre 2026 | C29: A | D29: 46280 | E29: Mardi | F29: 0.80208333 | G29: 0.86458333 | H29: =IF(OR($F29="",$G29=""),"",($G29-$F29)*24) | I29: Bac | J29: Bac SCE | K29: Italien | L29: Italien | M29: Amel | P29: Hebdo · groupes alternés | Q29: Bac SCE + Bac INFO | R29: 2 | S29: Oui | T29: S1-020 | U29: Original (septembre) | X29: Oui | Y29: =IF($M29="","",IF(SUMPRODUCT(($D$4:$D$863=$D29)*($M$4:$M$863=$M29)*($T$4:$T$863<>$T29)*($F$4:$F$863<$G29)*($G$4:$G$863>$F29))>0,"⚠ CONFLIT","")) | Z29: =IF($J29="","",IF(SUMPRODUCT(($D$4:$D$863=$D29)*($J$4:$J$863=$J29)*($T$4:$T$863<>$T29)*($F$4:$F$863<$G29)*($G$4:$G$863>$F29)*(1-($X$4:$X$863="Oui")*($X29="Oui")))>0,"⚠ CONFLIT","")) | AA29: =IF(COUNTIFS($D$4:$D$863,$D29,$J$4:$J$863,$J29,$F$4:$F$863,$F29,$K$4:$K$863,$K29)>1,"⚠ DOUBLON","") | AB29: =IF(COUNTIF($T$4:$T$863,$T29)<>COUNTIFS($T$4:$T$863,$T29,$D$4:$D$863,$D29,$F$4:$F$863,$F29,$G$4:$G$863,$G29,$K$4:$K$863,$K29,$M$4:$M$863,$M29),"⚠ INCOHÉRENT","") | AC29: =COUNTIFS($A$4:$A29,$A29,$J$4:$J29,$J29,$E$4:$E29,$E29) | AD29: =$A29&"|"&$J29&"|"&$E29&"|"&$AC29 | AE29: =IF($W29<>"","⚑ "&$W29&CHAR(10),"")&TEXT($F29,"hh:mm")&"-"&TEXT($G29,"hh:mm")&IF(OR($P29="Quinzaine A",AND($P29="Hebdo · groupes alternés",$C29="A"))," Q-A",IF(OR($P29="Quinzaine B",AND($P29="Hebdo · groupes alternés",$C29="B"))," Q-B",IF($P29="Exception"," PONCT.","")))&IF($X29="Oui"," OPT","")&CHAR(10)&$K29&CHAR(10)&$M29&IF($N29<>"",CHAR(10)&"Salle "&$N29,"")&IF($O29="En ligne",CHAR(10)&"EN LIGNE","")&IF($V29<>"",CHAR(10)&$V29,"") | AF29: 19h15-20h45 Italien (Amel) | AG29: du 14-09 jusquà le 20-09!H76
A30: S1 | B30: du 14 au 20 septembre 2026 | C30: A | D30: 46280 | E30: Mardi | F30: 0.80208333 | G30: 0.86458333 | H30: =IF(OR($F30="",$G30=""),"",($G30-$F30)*24) | I30: Bac | J30: Bac INFO | K30: Italien | L30: Italien | M30: Amel | P30: Hebdo · groupes alternés | Q30: Bac SCE + Bac INFO | R30: 2 | T30: S1-020 | U30: Original (septembre) | X30: Oui | Y30: =IF($M30="","",IF(SUMPRODUCT(($D$4:$D$863=$D30)*($M$4:$M$863=$M30)*($T$4:$T$863<>$T30)*($F$4:$F$863<$G30)*($G$4:$G$863>$F30))>0,"⚠ CONFLIT","")) | Z30: =IF($J30="","",IF(SUMPRODUCT(($D$4:$D$863=$D30)*($J$4:$J$863=$J30)*($T$4:$T$863<>$T30)*($F$4:$F$863<$G30)*($G$4:$G$863>$F30)*(1-($X$4:$X$863="Oui")*($X30="Oui")))>0,"⚠ CONFLIT","")) | AA30: =IF(COUNTIFS($D$4:$D$863,$D30,$J$4:$J$863,$J30,$F$4:$F$863,$F30,$K$4:$K$863,$K30)>1,"⚠ DOUBLON","") | AB30: =IF(COUNTIF($T$4:$T$863,$T30)<>COUNTIFS($T$4:$T$863,$T30,$D$4:$D$863,$D30,$F$4:$F$863,$F30,$G$4:$G$863,$G30,$K$4:$K$863,$K30,$M$4:$M$863,$M30),"⚠ INCOHÉRENT","") | AC30: =COUNTIFS($A$4:$A30,$A30,$J$4:$J30,$J30,$E$4:$E30,$E30) | AD30: =$A30&"|"&$J30&"|"&$E30&"|"&$AC30 | AE30: =IF($W30<>"","⚑ "&$W30&CHAR(10),"")&TEXT($F30,"hh:mm")&"-"&TEXT($G30,"hh:mm")&IF(OR($P30="Quinzaine A",AND($P30="Hebdo · groupes alternés",$C30="A"))," Q-A",IF(OR($P30="Quinzaine B",AND($P30="Hebdo · groupes alternés",$C30="B"))," Q-B",IF($P30="Exception"," PONCT.","")))&IF($X30="Oui"," OPT","")&CHAR(10)&$K30&CHAR(10)&$M30&IF($N30<>"",CHAR(10)&"Salle "&$N30,"")&IF($O30="En ligne",CHAR(10)&"EN LIGNE","")&IF($V30<>"",CHAR(10)&$V30,"") | AF30: 19h15-20h45 Italien (Amel) | AG30: du 14-09 jusquà le 20-09!H76
A31: S1 | B31: du 14 au 20 septembre 2026 | C31: A | D31: 46281 | E31: Mercredi | F31: 0.79166667 | G31: 0.875 | H31: =IF(OR($F31="",$G31=""),"",($G31-$F31)*24) | I31: Primaire | J31: 4éme | K31: رياضيات | L31: Math | M31: Bassma | P31: Hebdomadaire | R31: 1 | S31: Oui | T31: S1-021 | U31: Original (septembre) | Y31: =IF($M31="","",IF(SUMPRODUCT(($D$4:$D$863=$D31)*($M$4:$M$863=$M31)*($T$4:$T$863<>$T31)*($F$4:$F$863<$G31)*($G$4:$G$863>$F31))>0,"⚠ CONFLIT","")) | Z31: =IF($J31="","",IF(SUMPRODUCT(($D$4:$D$863=$D31)*($J$4:$J$863=$J31)*($T$4:$T$863<>$T31)*($F$4:$F$863<$G31)*($G$4:$G$863>$F31)*(1-($X$4:$X$863="Oui")*($X31="Oui")))>0,"⚠ CONFLIT","")) | AA31: =IF(COUNTIFS($D$4:$D$863,$D31,$J$4:$J$863,$J31,$F$4:$F$863,$F31,$K$4:$K$863,$K31)>1,"⚠ DOUBLON","") | AB31: =IF(COUNTIF($T$4:$T$863,$T31)<>COUNTIFS($T$4:$T$863,$T31,$D$4:$D$863,$D31,$F$4:$F$863,$F31,$G$4:$G$863,$G31,$K$4:$K$863,$K31,$M$4:$M$863,$M31),"⚠ INCOHÉRENT","") | AC31: =COUNTIFS($A$4:$A31,$A31,$J$4:$J31,$J31,$E$4:$E31,$E31) | AD31: =$A31&"|"&$J31&"|"&$E31&"|"&$AC31 | AE31: =IF($W31<>"","⚑ "&$W31&CHAR(10),"")&TEXT($F31,"hh:mm")&"-"&TEXT($G31,"hh:mm")&IF(OR($P31="Quinzaine A",AND($P31="Hebdo · groupes alternés",$C31="A"))," Q-A",IF(OR($P31="Quinzaine B",AND($P31="Hebdo · groupes alternés",$C31="B"))," Q-B",IF($P31="Exception"," PONCT.","")))&IF($X31="Oui"," OPT","")&CHAR(10)&$K31&CHAR(10)&$M31&IF($N31<>"",CHAR(10)&"Salle "&$N31,"")&IF($O31="En ligne",CHAR(10)&"EN LIGNE","")&IF($V31<>"",CHAR(10)&$V31,"") | AF31: 19h-21h رياضيات (Bassma) | AG31: du 14-09 jusquà le 20-09!I3
A32: S1 | B32: du 14 au 20 septembre 2026 | C32: A | D32: 46281 | E32: Mercredi | F32: 0.79166667 | G32: 0.875 | H32: =IF(OR($F32="",$G32=""),"",($G32-$F32)*24) | I32: Primaire | J32: 6éme Pilote (A) | K32: رياضيات | L32: Math | M32: Noura | P32: Hebdomadaire | R32: 1 | S32: Oui | T32: S1-022 | U32: Original (septembre) | Y32: =IF($M32="","",IF(SUMPRODUCT(($D$4:$D$863=$D32)*($M$4:$M$863=$M32)*($T$4:$T$863<>$T32)*($F$4:$F$863<$G32)*($G$4:$G$863>$F32))>0,"⚠ CONFLIT","")) | Z32: =IF($J32="","",IF(SUMPRODUCT(($D$4:$D$863=$D32)*($J$4:$J$863=$J32)*($T$4:$T$863<>$T32)*($F$4:$F$863<$G32)*($G$4:$G$863>$F32)*(1-($X$4:$X$863="Oui")*($X32="Oui")))>0,"⚠ CONFLIT","")) | AA32: =IF(COUNTIFS($D$4:$D$863,$D32,$J$4:$J$863,$J32,$F$4:$F$863,$F32,$K$4:$K$863,$K32)>1,"⚠ DOUBLON","") | AB32: =IF(COUNTIF($T$4:$T$863,$T32)<>COUNTIFS($T$4:$T$863,$T32,$D$4:$D$863,$D32,$F$4:$F$863,$F32,$G$4:$G$863,$G32,$K$4:$K$863,$K32,$M$4:$M$863,$M32),"⚠ INCOHÉRENT","") | AC32: =COUNTIFS($A$4:$A32,$A32,$J$4:$J32,$J32,$E$4:$E32,$E32) | AD32: =$A32&"|"&$J32&"|"&$E32&"|"&$AC32 | AE32: =IF($W32<>"","⚑ "&$W32&CHAR(10),"")&TEXT($F32,"hh:mm")&"-"&TEXT($G32,"hh:mm")&IF(OR($P32="Quinzaine A",AND($P32="Hebdo · groupes alternés",$C32="A"))," Q-A",IF(OR($P32="Quinzaine B",AND($P32="Hebdo · groupes alternés",$C32="B"))," Q-B",IF($P32="Exception"," PONCT.","")))&IF($X32="Oui"," OPT","")&CHAR(10)&$K32&CHAR(10)&$M32&IF($N32<>"",CHAR(10)&"Salle "&$N32,"")&IF($O32="En ligne",CHAR(10)&"EN LIGNE","")&IF($V32<>"",CHAR(10)&$V32,"") | AF32: 19h-21h رياضيات (Noura) | AG32: du 14-09 jusquà le 20-09!I12
A33: S1 | B33: du 14 au 20 septembre 2026 | C33: A | D33: 46281 | E33: Mercredi | F33: 0.8125 | G33: 0.875 | H33: =IF(OR($F33="",$G33=""),"",($G33-$F33)*24) | I33: Collège | J33: 7éme (A) | K33: فيزياء | L33: Physique | M33: Melek | P33: Hebdomadaire | Q33: 7éme (A) + 7éme (B) | R33: 2 | S33: Oui | T33: S1-023 | U33: Original (septembre) | Y33: =IF($M33="","",IF(SUMPRODUCT(($D$4:$D$863=$D33)*($M$4:$M$863=$M33)*($T$4:$T$863<>$T33)*($F$4:$F$863<$G33)*($G$4:$G$863>$F33))>0,"⚠ CONFLIT","")) | Z33: =IF($J33="","",IF(SUMPRODUCT(($D$4:$D$863=$D33)*($J$4:$J$863=$J33)*($T$4:$T$863<>$T33)*($F$4:$F$863<$G33)*($G$4:$G$863>$F33)*(1-($X$4:$X$863="Oui")*($X33="Oui")))>0,"⚠ CONFLIT","")) | AA33: =IF(COUNTIFS($D$4:$D$863,$D33,$J$4:$J$863,$J33,$F$4:$F$863,$F33,$K$4:$K$863,$K33)>1,"⚠ DOUBLON","") | AB33: =IF(COUNTIF($T$4:$T$863,$T33)<>COUNTIFS($T$4:$T$863,$T33,$D$4:$D$863,$D33,$F$4:$F$863,$F33,$G$4:$G$863,$G33,$K$4:$K$863,$K33,$M$4:$M$863,$M33),"⚠ INCOHÉRENT","") | AC33: =COUNTIFS($A$4:$A33,$A33,$J$4:$J33,$J33,$E$4:$E33,$E33) | AD33: =$A33&"|"&$J33&"|"&$E33&"|"&$AC33 | AE33: =IF($W33<>"","⚑ "&$W33&CHAR(10),"")&TEXT($F33,"hh:mm")&"-"&TEXT($G33,"hh:mm")&IF(OR($P33="Quinzaine A",AND($P33="Hebdo · groupes alternés",$C33="A"))," Q-A",IF(OR($P33="Quinzaine B",AND($P33="Hebdo · groupes alternés",$C33="B"))," Q-B",IF($P33="Exception"," PONCT.","")))&IF($X33="Oui"," OPT","")&CHAR(10)&$K33&CHAR(10)&$M33&IF($N33<>"",CHAR(10)&"Salle "&$N33,"")&IF($O33="En ligne",CHAR(10)&"EN LIGNE","")&IF($V33<>"",CHAR(10)&$V33,"") | AF33: 19h30-21h فيزياء /par quinzaine (Melek) | AG33: du 14-09 jusquà le 20-09!I19
A34: S1 | B34: du 14 au 20 septembre 2026 | C34: A | D34: 46281 | E34: Mercredi | F34: 0.8125 | G34: 0.875 | H34: =IF(OR($F34="",$G34=""),"",($G34-$F34)*24) | I34: Collège | J34: 7éme (B) | K34: فيزياء | L34: Physique | M34: Melek | P34: Hebdomadaire | Q34: 7éme (A) + 7éme (B) | R34: 2 | T34: S1-023 | U34: Original (septembre) | Y34: =IF($M34="","",IF(SUMPRODUCT(($D$4:$D$863=$D34)*($M$4:$M$863=$M34)*($T$4:$T$863<>$T34)*($F$4:$F$863<$G34)*($G$4:$G$863>$F34))>0,"⚠ CONFLIT","")) | Z34: =IF($J34="","",IF(SUMPRODUCT(($D$4:$D$863=$D34)*($J$4:$J$863=$J34)*($T$4:$T$863<>$T34)*($F$4:$F$863<$G34)*($G$4:$G$863>$F34)*(1-($X$4:$X$863="Oui")*($X34="Oui")))>0,"⚠ CONFLIT","")) | AA34: =IF(COUNTIFS($D$4:$D$863,$D34,$J$4:$J$863,$J34,$F$4:$F$863,$F34,$K$4:$K$863,$K34)>1,"⚠ DOUBLON","") | AB34: =IF(COUNTIF($T$4:$T$863,$T34)<>COUNTIFS($T$4:$T$863,$T34,$D$4:$D$863,$D34,$F$4:$F$863,$F34,$G$4:$G$863,$G34,$K$4:$K$863,$K34,$M$4:$M$863,$M34),"⚠ INCOHÉRENT","") | AC34: =COUNTIFS($A$4:$A34,$A34,$J$4:$J34,$J34,$E$4:$E34,$E34) | AD34: =$A34&"|"&$J34&"|"&$E34&"|"&$AC34 | AE34: =IF($W34<>"","⚑ "&$W34&CHAR(10),"")&TEXT($F34,"hh:mm")&"-"&TEXT($G34,"hh:mm")&IF(OR($P34="Quinzaine A",AND($P34="Hebdo · groupes alternés",$C34="A"))," Q-A",IF(OR($P34="Quinzaine B",AND($P34="Hebdo · groupes alternés",$C34="B"))," Q-B",IF($P34="Exception"," PONCT.","")))&IF($X34="Oui"," OPT","")&CHAR(10)&$K34&CHAR(10)&$M34&IF($N34<>"",CHAR(10)&"Salle "&$N34,"")&IF($O34="En ligne",CHAR(10)&"EN LIGNE","")&IF($V34<>"",CHAR(10)&$V34,"") | AF34: 19h30-21h فيزياء /par quinzaine (Melek) | AG34: du 14-09 jusquà le 20-09!I19
A35: S1 | B35: du 14 au 20 septembre 2026 | C35: A | D35: 46281 | E35: Mercredi | F35: 0.79166667 | G35: 0.85416667 | H35: =IF(OR($F35="",$G35=""),"",($G35-$F35)*24) | I35: Collège | J35: 8éme (A) | K35: Arabe | L35: Arabe | M35: Awatef | P35: Hebdomadaire | R35: 1 | S35: Oui | T35: S1-024 | U35: Original (septembre) | Y35: =IF($M35="","",IF(SUMPRODUCT(($D$4:$D$863=$D35)*($M$4:$M$863=$M35)*($T$4:$T$863<>$T35)*($F$4:$F$863<$G35)*($G$4:$G$863>$F35))>0,"⚠ CONFLIT","")) | Z35: =IF($J35="","",IF(SUMPRODUCT(($D$4:$D$863=$D35)*($J$4:$J$863=$J35)*($T$4:$T$863<>$T35)*($F$4:$F$863<$G35)*($G$4:$G$863>$F35)*(1-($X$4:$X$863="Oui")*($X35="Oui")))>0,"⚠ CONFLIT","")) | AA35: =IF(COUNTIFS($D$4:$D$863,$D35,$J$4:$J$863,$J35,$F$4:$F$863,$F35,$K$4:$K$863,$K35)>1,"⚠ DOUBLON","") | AB35: =IF(COUNTIF($T$4:$T$863,$T35)<>COUNTIFS($T$4:$T$863,$T35,$D$4:$D$863,$D35,$F$4:$F$863,$F35,$G$4:$G$863,$G35,$K$4:$K$863,$K35,$M$4:$M$863,$M35),"⚠ INCOHÉRENT","") | AC35: =COUNTIFS($A$4:$A35,$A35,$J$4:$J35,$J35,$E$4:$E35,$E35) | AD35: =$A35&"|"&$J35&"|"&$E35&"|"&$AC35 | AE35: =IF($W35<>"","⚑ "&$W35&CHAR(10),"")&TEXT($F35,"hh:mm")&"-"&TEXT($G35,"hh:mm")&IF(OR($P35="Quinzaine A",AND($P35="Hebdo · groupes alternés",$C35="A"))," Q-A",IF(OR($P35="Quinzaine B",AND($P35="Hebdo · groupes alternés",$C35="B"))," Q-B",IF($P35="Exception"," PONCT.","")))&IF($X35="Oui"," OPT","")&CHAR(10)&$K35&CHAR(10)&$M35&IF($N35<>"",CHAR(10)&"Salle "&$N35,"")&IF($O35="En ligne",CHAR(10)&"EN LIGNE","")&IF($V35<>"",CHAR(10)&$V35,"") | AF35: 19h-20h30 Arabe (Awatef) | AG35: du 14-09 jusquà le 20-09!I27
A36: S1 | B36: du 14 au 20 septembre 2026 | C36: A | D36: 46281 | E36: Mercredi | F36: 0.80208333 | G36: 0.86458333 | H36: =IF(OR($F36="",$G36=""),"",($G36-$F36)*24) | I36: Collège | J36: 8éme (B) | K36: Math | L36: Math | M36: Khouloud | P36: Hebdomadaire | R36: 1 | S36: Oui | T36: S1-025 | U36: Original (septembre) | Y36: =IF($M36="","",IF(SUMPRODUCT(($D$4:$D$863=$D36)*($M$4:$M$863=$M36)*($T$4:$T$863<>$T36)*($F$4:$F$863<$G36)*($G$4:$G$863>$F36))>0,"⚠ CONFLIT","")) | Z36: =IF($J36="","",IF(SUMPRODUCT(($D$4:$D$863=$D36)*($J$4:$J$863=$J36)*($T$4:$T$863<>$T36)*($F$4:$F$863<$G36)*($G$4:$G$863>$F36)*(1-($X$4:$X$863="Oui")*($X36="Oui")))>0,"⚠ CONFLIT","")) | AA36: =IF(COUNTIFS($D$4:$D$863,$D36,$J$4:$J$863,$J36,$F$4:$F$863,$F36,$K$4:$K$863,$K36)>1,"⚠ DOUBLON","") | AB36: =IF(COUNTIF($T$4:$T$863,$T36)<>COUNTIFS($T$4:$T$863,$T36,$D$4:$D$863,$D36,$F$4:$F$863,$F36,$G$4:$G$863,$G36,$K$4:$K$863,$K36,$M$4:$M$863,$M36),"⚠ INCOHÉRENT","") | AC36: =COUNTIFS($A$4:$A36,$A36,$J$4:$J36,$J36,$E$4:$E36,$E36) | AD36: =$A36&"|"&$J36&"|"&$E36&"|"&$AC36 | AE36: =IF($W36<>"","⚑ "&$W36&CHAR(10),"")&TEXT($F36,"hh:mm")&"-"&TEXT($G36,"hh:mm")&IF(OR($P36="Quinzaine A",AND($P36="Hebdo · groupes alternés",$C36="A"))," Q-A",IF(OR($P36="Quinzaine B",AND($P36="Hebdo · groupes alternés",$C36="B"))," Q-B",IF($P36="Exception"," PONCT.","")))&IF($X36="Oui"," OPT","")&CHAR(10)&$K36&CHAR(10)&$M36&IF($N36<>"",CHAR(10)&"Salle "&$N36,"")&IF($O36="En ligne",CHAR(10)&"EN LIGNE","")&IF($V36<>"",CHAR(10)&$V36,"") | AF36: 19h15-20h45 Math (Khouloud) | AG36: du 14-09 jusquà le 20-09!I31
A37: S1 | B37: du 14 au 20 septembre 2026 | C37: A | D37: 46281 | E37: Mercredi | F37: 0.8125 | G37: 0.875 | H37: =IF(OR($F37="",$G37=""),"",($G37-$F37)*24) | I37: Collège | J37: 8éme (C) | K37: Français | L37: Français | M37: Nabil | P37: Hebdomadaire | R37: 1 | S37: Oui | T37: S1-026 | U37: Original (septembre) | Y37: =IF($M37="","",IF(SUMPRODUCT(($D$4:$D$863=$D37)*($M$4:$M$863=$M37)*($T$4:$T$863<>$T37)*($F$4:$F$863<$G37)*($G$4:$G$863>$F37))>0,"⚠ CONFLIT","")) | Z37: =IF($J37="","",IF(SUMPRODUCT(($D$4:$D$863=$D37)*($J$4:$J$863=$J37)*($T$4:$T$863<>$T37)*($F$4:$F$863<$G37)*($G$4:$G$863>$F37)*(1-($X$4:$X$863="Oui")*($X37="Oui")))>0,"⚠ CONFLIT","")) | AA37: =IF(COUNTIFS($D$4:$D$863,$D37,$J$4:$J$863,$J37,$F$4:$F$863,$F37,$K$4:$K$863,$K37)>1,"⚠ DOUBLON","") | AB37: =IF(COUNTIF($T$4:$T$863,$T37)<>COUNTIFS($T$4:$T$863,$T37,$D$4:$D$863,$D37,$F$4:$F$863,$F37,$G$4:$G$863,$G37,$K$4:$K$863,$K37,$M$4:$M$863,$M37),"⚠ INCOHÉRENT","") | AC37: =COUNTIFS($A$4:$A37,$A37,$J$4:$J37,$J37,$E$4:$E37,$E37) | AD37: =$A37&"|"&$J37&"|"&$E37&"|"&$AC37 | AE37: =IF($W37<>"","⚑ "&$W37&CHAR(10),"")&TEXT($F37,"hh:mm")&"-"&TEXT($G37,"hh:mm")&IF(OR($P37="Quinzaine A",AND($P37="Hebdo · groupes alternés",$C37="A"))," Q-A",IF(OR($P37="Quinzaine B",AND($P37="Hebdo · groupes alternés",$C37="B"))," Q-B",IF($P37="Exception"," PONCT.","")))&IF($X37="Oui"," OPT","")&CHAR(10)&$K37&CHAR(10)&$M37&IF($N37<>"",CHAR(10)&"Salle "&$N37,"")&IF($O37="En ligne",CHAR(10)&"EN LIGNE","")&IF($V37<>"",CHAR(10)&$V37,"") | AF37: 19h30-21h Français (Nabil) | AG37: du 14-09 jusquà le 20-09!I34
A38: S1 | B38: du 14 au 20 septembre 2026 | C38: A | D38: 46281 | E38: Mercredi | F38: 0.8125 | G38: 0.875 | H38: =IF(OR($F38="",$G38=""),"",($G38-$F38)*24) | I38: Collège | J38: 9éme (B) | K38: Arabe | L38: Arabe | M38: Yahya | P38: Hebdomadaire | R38: 1 | S38: Oui | T38: S1-027 | U38: Original (septembre) | Y38: =IF($M38="","",IF(SUMPRODUCT(($D$4:$D$863=$D38)*($M$4:$M$863=$M38)*($T$4:$T$863<>$T38)*($F$4:$F$863<$G38)*($G$4:$G$863>$F38))>0,"⚠ CONFLIT","")) | Z38: =IF($J38="","",IF(SUMPRODUCT(($D$4:$D$863=$D38)*($J$4:$J$863=$J38)*($T$4:$T$863<>$T38)*($F$4:$F$863<$G38)*($G$4:$G$863>$F38)*(1-($X$4:$X$863="Oui")*($X38="Oui")))>0,"⚠ CONFLIT","")) | AA38: =IF(COUNTIFS($D$4:$D$863,$D38,$J$4:$J$863,$J38,$F$4:$F$863,$F38,$K$4:$K$863,$K38)>1,"⚠ DOUBLON","") | AB38: =IF(COUNTIF($T$4:$T$863,$T38)<>COUNTIFS($T$4:$T$863,$T38,$D$4:$D$863,$D38,$F$4:$F$863,$F38,$G$4:$G$863,$G38,$K$4:$K$863,$K38,$M$4:$M$863,$M38),"⚠ INCOHÉRENT","") | AC38: =COUNTIFS($A$4:$A38,$A38,$J$4:$J38,$J38,$E$4:$E38,$E38) | AD38: =$A38&"|"&$J38&"|"&$E38&"|"&$AC38 | AE38: =IF($W38<>"","⚑ "&$W38&CHAR(10),"")&TEXT($F38,"hh:mm")&"-"&TEXT($G38,"hh:mm")&IF(OR($P38="Quinzaine A",AND($P38="Hebdo · groupes alternés",$C38="A"))," Q-A",IF(OR($P38="Quinzaine B",AND($P38="Hebdo · groupes alternés",$C38="B"))," Q-B",IF($P38="Exception"," PONCT.","")))&IF($X38="Oui"," OPT","")&CHAR(10)&$K38&CHAR(10)&$M38&IF($N38<>"",CHAR(10)&"Salle "&$N38,"")&IF($O38="En ligne",CHAR(10)&"EN LIGNE","")&IF($V38<>"",CHAR(10)&$V38,"") | AF38: 19h30-21h Arabe (Yahya) | AG38: du 14-09 jusquà le 20-09!I43
A39: S1 | B39: du 14 au 20 septembre 2026 | C39: A | D39: 46281 | E39: Mercredi | F39: 0.80208333 | G39: 0.86458333 | H39: =IF(OR($F39="",$G39=""),"",($G39-$F39)*24) | I39: Collège | J39: 9éme (C) | K39: SVT | L39: SVT | M39: Imen Jribi | P39: Hebdomadaire | R39: 1 | S39: Oui | T39: S1-028 | U39: Original (septembre) | Y39: =IF($M39="","",IF(SUMPRODUCT(($D$4:$D$863=$D39)*($M$4:$M$863=$M39)*($T$4:$T$863<>$T39)*($F$4:$F$863<$G39)*($G$4:$G$863>$F39))>0,"⚠ CONFLIT","")) | Z39: =IF($J39="","",IF(SUMPRODUCT(($D$4:$D$863=$D39)*($J$4:$J$863=$J39)*($T$4:$T$863<>$T39)*($F$4:$F$863<$G39)*($G$4:$G$863>$F39)*(1-($X$4:$X$863="Oui")*($X39="Oui")))>0,"⚠ CONFLIT","")) | AA39: =IF(COUNTIFS($D$4:$D$863,$D39,$J$4:$J$863,$J39,$F$4:$F$863,$F39,$K$4:$K$863,$K39)>1,"⚠ DOUBLON","") | AB39: =IF(COUNTIF($T$4:$T$863,$T39)<>COUNTIFS($T$4:$T$863,$T39,$D$4:$D$863,$D39,$F$4:$F$863,$F39,$G$4:$G$863,$G39,$K$4:$K$863,$K39,$M$4:$M$863,$M39),"⚠ INCOHÉRENT","") | AC39: =COUNTIFS($A$4:$A39,$A39,$J$4:$J39,$J39,$E$4:$E39,$E39) | AD39: =$A39&"|"&$J39&"|"&$E39&"|"&$AC39 | AE39: =IF($W39<>"","⚑ "&$W39&CHAR(10),"")&TEXT($F39,"hh:mm")&"-"&TEXT($G39,"hh:mm")&IF(OR($P39="Quinzaine A",AND($P39="Hebdo · groupes alternés",$C39="A"))," Q-A",IF(OR($P39="Quinzaine B",AND($P39="Hebdo · groupes alternés",$C39="B"))," Q-B",IF($P39="Exception"," PONCT.","")))&IF($X39="Oui"," OPT","")&CHAR(10)&$K39&CHAR(10)&$M39&IF($N39<>"",CHAR(10)&"Salle "&$N39,"")&IF($O39="En ligne",CHAR(10)&"EN LIGNE","")&IF($V39<>"",CHAR(10)&$V39,"") | AF39: 19h15-20h45 SVT (Imen Jribi) | AG39: du 14-09 jusquà le 20-09!I46
A40: S1 | B40: du 14 au 20 septembre 2026 | C40: A | D40: 46281 | E40: Mercredi | F40: 0.8125 | G40: 0.875 | H40: =IF(OR($F40="",$G40=""),"",($G40-$F40)*24) | I40: Secondaire | J40: 1ére (B) | K40: Français | L40: Français | M40: Nassima | P40: Hebdomadaire | R40: 1 | S40: Oui | T40: S1-029 | U40: Original (septembre) | Y40: =IF($M40="","",IF(SUMPRODUCT(($D$4:$D$863=$D40)*($M$4:$M$863=$M40)*($T$4:$T$863<>$T40)*($F$4:$F$863<$G40)*($G$4:$G$863>$F40))>0,"⚠ CONFLIT","")) | Z40: =IF($J40="","",IF(SUMPRODUCT(($D$4:$D$863=$D40)*($J$4:$J$863=$J40)*($T$4:$T$863<>$T40)*($F$4:$F$863<$G40)*($G$4:$G$863>$F40)*(1-($X$4:$X$863="Oui")*($X40="Oui")))>0,"⚠ CONFLIT","")) | AA40: =IF(COUNTIFS($D$4:$D$863,$D40,$J$4:$J$863,$J40,$F$4:$F$863,$F40,$K$4:$K$863,$K40)>1,"⚠ DOUBLON","") | AB40: =IF(COUNTIF($T$4:$T$863,$T40)<>COUNTIFS($T$4:$T$863,$T40,$D$4:$D$863,$D40,$F$4:$F$863,$F40,$G$4:$G$863,$G40,$K$4:$K$863,$K40,$M$4:$M$863,$M40),"⚠ INCOHÉRENT","") | AC40: =COUNTIFS($A$4:$A40,$A40,$J$4:$J40,$J40,$E$4:$E40,$E40) | AD40: =$A40&"|"&$J40&"|"&$E40&"|"&$AC40 | AE40: =IF($W40<>"","⚑ "&$W40&CHAR(10),"")&TEXT($F40,"hh:mm")&"-"&TEXT($G40,"hh:mm")&IF(OR($P40="Quinzaine A",AND($P40="Hebdo · groupes alternés",$C40="A"))," Q-A",IF(OR($P40="Quinzaine B",AND($P40="Hebdo · groupes alternés",$C40="B"))," Q-B",IF($P40="Exception"," PONCT.","")))&IF($X40="Oui"," OPT","")&CHAR(10)&$K40&CHAR(10)&$M40&IF($N40<>"",CHAR(10)&"Salle "&$N40,"")&IF($O40="En ligne",CHAR(10)&"EN LIGNE","")&IF($V40<>"",CHAR(10)&$V40,"") | AF40: 19h30-21h Français (Nassima) | AG40: du 14-09 jusquà le 20-09!I52
A41: S1 | B41: du 14 au 20 septembre 2026 | C41: A | D41: 46281 | E41: Mercredi | F41: 0.8125 | G41: 0.875 | H41: =IF(OR($F41="",$G41=""),"",($G41-$F41)*24) | I41: Secondaire | J41: 2éme Eco | K41: Math | L41: Math | M41: Haythem | P41: Hebdomadaire | R41: 1 | S41: Oui | T41: S1-030 | U41: Original (septembre) | Y41: =IF($M41="","",IF(SUMPRODUCT(($D$4:$D$863=$D41)*($M$4:$M$863=$M41)*($T$4:$T$863<>$T41)*($F$4:$F$863<$G41)*($G$4:$G$863>$F41))>0,"⚠ CONFLIT","")) | Z41: =IF($J41="","",IF(SUMPRODUCT(($D$4:$D$863=$D41)*($J$4:$J$863=$J41)*($T$4:$T$863<>$T41)*($F$4:$F$863<$G41)*($G$4:$G$863>$F41)*(1-($X$4:$X$863="Oui")*($X41="Oui")))>0,"⚠ CONFLIT","")) | AA41: =IF(COUNTIFS($D$4:$D$863,$D41,$J$4:$J$863,$J41,$F$4:$F$863,$F41,$K$4:$K$863,$K41)>1,"⚠ DOUBLON","") | AB41: =IF(COUNTIF($T$4:$T$863,$T41)<>COUNTIFS($T$4:$T$863,$T41,$D$4:$D$863,$D41,$F$4:$F$863,$F41,$G$4:$G$863,$G41,$K$4:$K$863,$K41,$M$4:$M$863,$M41),"⚠ INCOHÉRENT","") | AC41: =COUNTIFS($A$4:$A41,$A41,$J$4:$J41,$J41,$E$4:$E41,$E41) | AD41: =$A41&"|"&$J41&"|"&$E41&"|"&$AC41 | AE41: =IF($W41<>"","⚑ "&$W41&CHAR(10),"")&TEXT($F41,"hh:mm")&"-"&TEXT($G41,"hh:mm")&IF(OR($P41="Quinzaine A",AND($P41="Hebdo · groupes alternés",$C41="A"))," Q-A",IF(OR($P41="Quinzaine B",AND($P41="Hebdo · groupes alternés",$C41="B"))," Q-B",IF($P41="Exception"," PONCT.","")))&IF($X41="Oui"," OPT","")&CHAR(10)&$K41&CHAR(10)&$M41&IF($N41<>"",CHAR(10)&"Salle "&$N41,"")&IF($O41="En ligne",CHAR(10)&"EN LIGNE","")&IF($V41<>"",CHAR(10)&$V41,"") | AF41: 19h30-21h Math (Haythem) | AG41: du 14-09 jusquà le 20-09!I56
A42: S1 | B42: du 14 au 20 septembre 2026 | C42: A | D42: 46281 | E42: Mercredi | F42: 0.79166667 | G42: 0.85416667 | H42: =IF(OR($F42="",$G42=""),"",($G42-$F42)*24) | I42: Secondaire | J42: 3éme Eco | K42: Gestion | L42: Gestion | M42: Yassine | P42: Hebdomadaire | R42: 1 | S42: Oui | T42: S1-031 | U42: Original (septembre) | Y42: =IF($M42="","",IF(SUMPRODUCT(($D$4:$D$863=$D42)*($M$4:$M$863=$M42)*($T$4:$T$863<>$T42)*($F$4:$F$863<$G42)*($G$4:$G$863>$F42))>0,"⚠ CONFLIT","")) | Z42: =IF($J42="","",IF(SUMPRODUCT(($D$4:$D$863=$D42)*($J$4:$J$863=$J42)*($T$4:$T$863<>$T42)*($F$4:$F$863<$G42)*($G$4:$G$863>$F42)*(1-($X$4:$X$863="Oui")*($X42="Oui")))>0,"⚠ CONFLIT","")) | AA42: =IF(COUNTIFS($D$4:$D$863,$D42,$J$4:$J$863,$J42,$F$4:$F$863,$F42,$K$4:$K$863,$K42)>1,"⚠ DOUBLON","") | AB42: =IF(COUNTIF($T$4:$T$863,$T42)<>COUNTIFS($T$4:$T$863,$T42,$D$4:$D$863,$D42,$F$4:$F$863,$F42,$G$4:$G$863,$G42,$K$4:$K$863,$K42,$M$4:$M$863,$M42),"⚠ INCOHÉRENT","") | AC42: =COUNTIFS($A$4:$A42,$A42,$J$4:$J42,$J42,$E$4:$E42,$E42) | AD42: =$A42&"|"&$J42&"|"&$E42&"|"&$AC42 | AE42: =IF($W42<>"","⚑ "&$W42&CHAR(10),"")&TEXT($F42,"hh:mm")&"-"&TEXT($G42,"hh:mm")&IF(OR($P42="Quinzaine A",AND($P42="Hebdo · groupes alternés",$C42="A"))," Q-A",IF(OR($P42="Quinzaine B",AND($P42="Hebdo · groupes alternés",$C42="B"))," Q-B",IF($P42="Exception"," PONCT.","")))&IF($X42="Oui"," OPT","")&CHAR(10)&$K42&CHAR(10)&$M42&IF($N42<>"",CHAR(10)&"Salle "&$N42,"")&IF($O42="En ligne",CHAR(10)&"EN LIGNE","")&IF($V42<>"",CHAR(10)&$V42,"") | AF42: 19h-20h30 Gestion (Yassine) | AG42: du 14-09 jusquà le 20-09!I62
A43: S1 | B43: du 14 au 20 septembre 2026 | C43: A | D43: 46281 | E43: Mercredi | F43: 0.8125 | G43: 0.875 | H43: =IF(OR($F43="",$G43=""),"",($G43-$F43)*24) | I43: Secondaire | J43: 3éme INFO | K43: Physique | L43: Physique | M43: Samia | P43: Hebdomadaire | R43: 1 | S43: Oui | T43: S1-032 | U43: Original (septembre) | Y43: =IF($M43="","",IF(SUMPRODUCT(($D$4:$D$863=$D43)*($M$4:$M$863=$M43)*($T$4:$T$863<>$T43)*($F$4:$F$863<$G43)*($G$4:$G$863>$F43))>0,"⚠ CONFLIT","")) | Z43: =IF($J43="","",IF(SUMPRODUCT(($D$4:$D$863=$D43)*($J$4:$J$863=$J43)*($T$4:$T$863<>$T43)*($F$4:$F$863<$G43)*($G$4:$G$863>$F43)*(1-($X$4:$X$863="Oui")*($X43="Oui")))>0,"⚠ CONFLIT","")) | AA43: =IF(COUNTIFS($D$4:$D$863,$D43,$J$4:$J$863,$J43,$F$4:$F$863,$F43,$K$4:$K$863,$K43)>1,"⚠ DOUBLON","") | AB43: =IF(COUNTIF($T$4:$T$863,$T43)<>COUNTIFS($T$4:$T$863,$T43,$D$4:$D$863,$D43,$F$4:$F$863,$F43,$G$4:$G$863,$G43,$K$4:$K$863,$K43,$M$4:$M$863,$M43),"⚠ INCOHÉRENT","") | AC43: =COUNTIFS($A$4:$A43,$A43,$J$4:$J43,$J43,$E$4:$E43,$E43) | AD43: =$A43&"|"&$J43&"|"&$E43&"|"&$AC43 | AE43: =IF($W43<>"","⚑ "&$W43&CHAR(10),"")&TEXT($F43,"hh:mm")&"-"&TEXT($G43,"hh:mm")&IF(OR($P43="Quinzaine A",AND($P43="Hebdo · groupes alternés",$C43="A"))," Q-A",IF(OR($P43="Quinzaine B",AND($P43="Hebdo · groupes alternés",$C43="B"))," Q-B",IF($P43="Exception"," PONCT.","")))&IF($X43="Oui"," OPT","")&CHAR(10)&$K43&CHAR(10)&$M43&IF($N43<>"",CHAR(10)&"Salle "&$N43,"")&IF($O43="En ligne",CHAR(10)&"EN LIGNE","")&IF($V43<>"",CHAR(10)&$V43,"") | AF43: 19h30-21h Physique (Samia) | AG43: du 14-09 jusquà le 20-09!I64
A44: S1 | B44: du 14 au 20 septembre 2026 | C44: A | D44: 46281 | E44: Mercredi | F44: 0.79166667 | G44: 0.875 | H44: =IF(OR($F44="",$G44=""),"",($G44-$F44)*24) | I44: Bac | J44: Bac SCE | K44: Math | L44: Math | M44: Ahmed | P44: Hebdomadaire | R44: 1 | S44: Oui | T44: S1-033 | U44: Original (septembre) | Y44: =IF($M44="","",IF(SUMPRODUCT(($D$4:$D$863=$D44)*($M$4:$M$863=$M44)*($T$4:$T$863<>$T44)*($F$4:$F$863<$G44)*($G$4:$G$863>$F44))>0,"⚠ CONFLIT","")) | Z44: =IF($J44="","",IF(SUMPRODUCT(($D$4:$D$863=$D44)*($J$4:$J$863=$J44)*($T$4:$T$863<>$T44)*($F$4:$F$863<$G44)*($G$4:$G$863>$F44)*(1-($X$4:$X$863="Oui")*($X44="Oui")))>0,"⚠ CONFLIT","")) | AA44: =IF(COUNTIFS($D$4:$D$863,$D44,$J$4:$J$863,$J44,$F$4:$F$863,$F44,$K$4:$K$863,$K44)>1,"⚠ DOUBLON","") | AB44: =IF(COUNTIF($T$4:$T$863,$T44)<>COUNTIFS($T$4:$T$863,$T44,$D$4:$D$863,$D44,$F$4:$F$863,$F44,$G$4:$G$863,$G44,$K$4:$K$863,$K44,$M$4:$M$863,$M44),"⚠ INCOHÉRENT","") | AC44: =COUNTIFS($A$4:$A44,$A44,$J$4:$J44,$J44,$E$4:$E44,$E44) | AD44: =$A44&"|"&$J44&"|"&$E44&"|"&$AC44 | AE44: =IF($W44<>"","⚑ "&$W44&CHAR(10),"")&TEXT($F44,"hh:mm")&"-"&TEXT($G44,"hh:mm")&IF(OR($P44="Quinzaine A",AND($P44="Hebdo · groupes alternés",$C44="A"))," Q-A",IF(OR($P44="Quinzaine B",AND($P44="Hebdo · groupes alternés",$C44="B"))," Q-B",IF($P44="Exception"," PONCT.","")))&IF($X44="Oui"," OPT","")&CHAR(10)&$K44&CHAR(10)&$M44&IF($N44<>"",CHAR(10)&"Salle "&$N44,"")&IF($O44="En ligne",CHAR(10)&"EN LIGNE","")&IF($V44<>"",CHAR(10)&$V44,"") | AF44: 19h-21h Math (Ahmed) | AG44: du 14-09 jusquà le 20-09!I74
A45: S1 | B45: du 14 au 20 septembre 2026 | C45: A | D45: 46282 | E45: Jeudi | F45: 0.79166667 | G45: 0.875 | H45: =IF(OR($F45="",$G45=""),"",($G45-$F45)*24) | I45: Primaire | J45: 5éme | K45: رياضيات | L45: Math | M45: Bassma | P45: Hebdomadaire | R45: 1 | S45: Oui | T45: S1-034 | U45: Original (septembre) | Y45: =IF($M45="","",IF(SUMPRODUCT(($D$4:$D$863=$D45)*($M$4:$M$863=$M45)*($T$4:$T$863<>$T45)*($F$4:$F$863<$G45)*($G$4:$G$863>$F45))>0,"⚠ CONFLIT","")) | Z45: =IF($J45="","",IF(SUMPRODUCT(($D$4:$D$863=$D45)*($J$4:$J$863=$J45)*($T$4:$T$863<>$T45)*($F$4:$F$863<$G45)*($G$4:$G$863>$F45)*(1-($X$4:$X$863="Oui")*($X45="Oui")))>0,"⚠ CONFLIT","")) | AA45: =IF(COUNTIFS($D$4:$D$863,$D45,$J$4:$J$863,$J45,$F$4:$F$863,$F45,$K$4:$K$863,$K45)>1,"⚠ DOUBLON","") | AB45: =IF(COUNTIF($T$4:$T$863,$T45)<>COUNTIFS($T$4:$T$863,$T45,$D$4:$D$863,$D45,$F$4:$F$863,$F45,$G$4:$G$863,$G45,$K$4:$K$863,$K45,$M$4:$M$863,$M45),"⚠ INCOHÉRENT","") | AC45: =COUNTIFS($A$4:$A45,$A45,$J$4:$J45,$J45,$E$4:$E45,$E45) | AD45: =$A45&"|"&$J45&"|"&$E45&"|"&$AC45 | AE45: =IF($W45<>"","⚑ "&$W45&CHAR(10),"")&TEXT($F45,"hh:mm")&"-"&TEXT($G45,"hh:mm")&IF(OR($P45="Quinzaine A",AND($P45="Hebdo · groupes alternés",$C45="A"))," Q-A",IF(OR($P45="Quinzaine B",AND($P45="Hebdo · groupes alternés",$C45="B"))," Q-B",IF($P45="Exception"," PONCT.","")))&IF($X45="Oui"," OPT","")&CHAR(10)&$K45&CHAR(10)&$M45&IF($N45<>"",CHAR(10)&"Salle "&$N45,"")&IF($O45="En ligne",CHAR(10)&"EN LIGNE","")&IF($V45<>"",CHAR(10)&$V45,"") | AF45: 19h-21h رياضيات (Bassma) | AG45: du 14-09 jusquà le 20-09!J6
A46: S1 | B46: du 14 au 20 septembre 2026 | C46: A | D46: 46282 | E46: Jeudi | F46: 0.79166667 | G46: 0.875 | H46: =IF(OR($F46="",$G46=""),"",($G46-$F46)*24) | I46: Primaire | J46: 6éme (B) | K46: رياضيات | L46: Math | M46: Noura | P46: Hebdomadaire | R46: 1 | S46: Oui | T46: S1-035 | U46: Original (septembre) | Y46: =IF($M46="","",IF(SUMPRODUCT(($D$4:$D$863=$D46)*($M$4:$M$863=$M46)*($T$4:$T$863<>$T46)*($F$4:$F$863<$G46)*($G$4:$G$863>$F46))>0,"⚠ CONFLIT","")) | Z46: =IF($J46="","",IF(SUMPRODUCT(($D$4:$D$863=$D46)*($J$4:$J$863=$J46)*($T$4:$T$863<>$T46)*($F$4:$F$863<$G46)*($G$4:$G$863>$F46)*(1-($X$4:$X$863="Oui")*($X46="Oui")))>0,"⚠ CONFLIT","")) | AA46: =IF(COUNTIFS($D$4:$D$863,$D46,$J$4:$J$863,$J46,$F$4:$F$863,$F46,$K$4:$K$863,$K46)>1,"⚠ DOUBLON","") | AB46: =IF(COUNTIF($T$4:$T$863,$T46)<>COUNTIFS($T$4:$T$863,$T46,$D$4:$D$863,$D46,$F$4:$F$863,$F46,$G$4:$G$863,$G46,$K$4:$K$863,$K46,$M$4:$M$863,$M46),"⚠ INCOHÉRENT","") | AC46: =COUNTIFS($A$4:$A46,$A46,$J$4:$J46,$J46,$E$4:$E46,$E46) | AD46: =$A46&"|"&$J46&"|"&$E46&"|"&$AC46 | AE46: =IF($W46<>"","⚑ "&$W46&CHAR(10),"")&TEXT($F46,"hh:mm")&"-"&TEXT($G46,"hh:mm")&IF(OR($P46="Quinzaine A",AND($P46="Hebdo · groupes alternés",$C46="A"))," Q-A",IF(OR($P46="Quinzaine B",AND($P46="Hebdo · groupes alternés",$C46="B"))," Q-B",IF($P46="Exception"," PONCT.","")))&IF($X46="Oui"," OPT","")&CHAR(10)&$K46&CHAR(10)&$M46&IF($N46<>"",CHAR(10)&"Salle "&$N46,"")&IF($O46="En ligne",CHAR(10)&"EN LIGNE","")&IF($V46<>"",CHAR(10)&$V46,"") | AF46: 19h-21h رياضيات (Noura) | AG46: du 14-09 jusquà le 20-09!J16
... A54: S1 | B54: du 14 au 20 septembre 2026 | C54: A | D54: 46282 | E54: Jeudi | F54: 0.8125 | G54: 0.875 | H54: =IF(OR($F54="",$G54=""),"",($G54-$F54)*24) | I54: Secondaire | J54: 2éme INFO | K54: Physique | L54: Physique | M54: Samia | P54: Hebdomadaire | R54: 1 | S54: Oui | T54: S1-043 | U54: Original (septembre) | Y54: =IF($M54="","",IF(SUMPRODUCT(($D$4:$D$863=$D54)*($M$4:$M$863=$M54)*($T$4:$T$863<>$T54)*($F$4:$F$863<$G54)*($G$4:$G$863>$F54))>0,"⚠ CONFLIT","")) | Z54: =IF($J54="","",IF(SUMPRODUCT(($D$4:$D$863=$D54)*($J$4:$J$863=$J54)*($T$4:$T$863<>$T54)*($F$4:$F$863<$G54)*($G$4:$G$863>$F54)*(1-($X$4:$X$863="Oui")*($X54="Oui")))>0,"⚠ CONFLIT","")) | AA54: =IF(COUNTIFS($D$4:$D$863,$D54,$J$4:$J$863,$J54,$F$4:$F$863,$F54,$K$4:$K$863,$K54)>1,"⚠ DOUBLON","") | AB54: =IF(COUNTIF($T$4:$T$863,$T54)<>COUNTIFS($T$4:$T$863,$T54,$D$4:$D$863,$D54,$F$4:$F$863,$F54,$G$4:$G$863,$G54,$K$4:$K$863,$K54,$M$4:$M$863,$M54),"⚠ INCOHÉRENT","") | AC54: =COUNTIFS($A$4:$A54,$A54,$J$4:$J54,$J54,$E$4:$E54,$E54) | AD54: =$A54&"|"&$J54&"|"&$E54&"|"&$AC54 | AE54: =IF($W54<>"","⚑ "&$W54&CHAR(10),"")&TEXT($F54,"hh:mm")&"-"&TEXT($G54,"hh:mm")&IF(OR($P54="Quinzaine A",AND($P54="Hebdo · groupes alternés",$C54="A"))," Q-A",IF(OR($P54="Quinzaine B",AND($P54="Hebdo · groupes alternés",$C54="B"))," Q-B",IF($P54="Exception"," PONCT.","")))&IF($X54="Oui"," OPT","")&CHAR(10)&$K54&CHAR(10)&$M54&IF($N54<>"",CHAR(10)&"Salle "&$N54,"")&IF($O54="En ligne",CHAR(10)&"EN LIGNE","")&IF($V54<>"",CHAR(10)&$V54,"") | AF54: 19h30-21h Physique (Samia) | AG54: du 14-09 jusquà le 20-09!J60
A55: S1 | B55: du 14 au 20 septembre 2026 | C55: A | D55: 46282 | E55: Jeudi | F55: 0.8125 | G55: 0.875 | H55: =IF(OR($F55="",$G55=""),"",($G55-$F55)*24) | I55: Secondaire | J55: 3éme Eco | K55: Arabe | L55: Arabe | M55: Najet | P55: Hebdo · groupes alternés | Q55: 3éme Eco + 3éme INFO + 3éme SCE | R55: 3 | S55: Oui | T55: S1-044 | U55: Original (septembre) | Y55: =IF($M55="","",IF(SUMPRODUCT(($D$4:$D$863=$D55)*($M$4:$M$863=$M55)*($T$4:$T$863<>$T55)*($F$4:$F$863<$G55)*($G$4:$G$863>$F55))>0,"⚠ CONFLIT","")) | Z55: =IF($J55="","",IF(SUMPRODUCT(($D$4:$D$863=$D55)*($J$4:$J$863=$J55)*($T$4:$T$863<>$T55)*($F$4:$F$863<$G55)*($G$4:$G$863>$F55)*(1-($X$4:$X$863="Oui")*($X55="Oui")))>0,"⚠ CONFLIT","")) | AA55: =IF(COUNTIFS($D$4:$D$863,$D55,$J$4:$J$863,$J55,$F$4:$F$863,$F55,$K$4:$K$863,$K55)>1,"⚠ DOUBLON","") | AB55: =IF(COUNTIF($T$4:$T$863,$T55)<>COUNTIFS($T$4:$T$863,$T55,$D$4:$D$863,$D55,$F$4:$F$863,$F55,$G$4:$G$863,$G55,$K$4:$K$863,$K55,$M$4:$M$863,$M55),"⚠ INCOHÉRENT","") | AC55: =COUNTIFS($A$4:$A55,$A55,$J$4:$J55,$J55,$E$4:$E55,$E55) | AD55: =$A55&"|"&$J55&"|"&$E55&"|"&$AC55 | AE55: =IF($W55<>"","⚑ "&$W55&CHAR(10),"")&TEXT($F55,"hh:mm")&"-"&TEXT($G55,"hh:mm")&IF(OR($P55="Quinzaine A",AND($P55="Hebdo · groupes alternés",$C55="A"))," Q-A",IF(OR($P55="Quinzaine B",AND($P55="Hebdo · groupes alternés",$C55="B"))," Q-B",IF($P55="Exception"," PONCT.","")))&IF($X55="Oui"," OPT","")&CHAR(10)&$K55&CHAR(10)&$M55&IF($N55<>"",CHAR(10)&"Salle "&$N55,"")&IF($O55="En ligne",CHAR(10)&"EN LIGNE","")&IF($V55<>"",CHAR(10)&$V55,"") | AF55: 19h30-21h Arabe (Najet) /par quinzaine | AG55: du 14-09 jusquà le 20-09!J62
A56: S1 | B56: du 14 au 20 septembre 2026 | C56: A | D56: 46282 | E56: Jeudi | F56: 0.8125 | G56: 0.875 | H56: =IF(OR($F56="",$G56=""),"",($G56-$F56)*24) | I56: Secondaire | J56: 3éme INFO | K56: Arabe | L56: Arabe | M56: Najet | P56: Hebdo · groupes alternés | Q56: 3éme Eco + 3éme INFO + 3éme SCE | R56: 3 | T56: S1-044 | U56: Original (septembre) | Y56: =IF($M56="","",IF(SUMPRODUCT(($D$4:$D$863=$D56)*($M$4:$M$863=$M56)*($T$4:$T$863<>$T56)*($F$4:$F$863<$G56)*($G$4:$G$863>$F56))>0,"⚠ CONFLIT","")) | Z56: =IF($J56="","",IF(SUMPRODUCT(($D$4:$D$863=$D56)*($J$4:$J$863=$J56)*($T$4:$T$863<>$T56)*($F$4:$F$863<$G56)*($G$4:$G$863>$F56)*(1-($X$4:$X$863="Oui")*($X56="Oui")))>0,"⚠ CONFLIT","")) | AA56: =IF(COUNTIFS($D$4:$D$863,$D56,$J$4:$J$863,$J56,$F$4:$F$863,$F56,$K$4:$K$863,$K56)>1,"⚠ DOUBLON","") | AB56: =IF(COUNTIF($T$4:$T$863,$T56)<>COUNTIFS($T$4:$T$863,$T56,$D$4:$D$863,$D56,$F$4:$F$863,$F56,$G$4:$G$863,$G56,$K$4:$K$863,$K56,$M$4:$M$863,$M56),"⚠ INCOHÉRENT","") | AC56: =COUNTIFS($A$4:$A56,$A56,$J$4:$J56,$J56,$E$4:$E56,$E56) | AD56: =$A56&"|"&$J56&"|"&$E56&"|"&$AC56 | AE56: =IF($W56<>"","⚑ "&$W56&CHAR(10),"")&TEXT($F56,"hh:mm")&"-"&TEXT($G56,"hh:mm")&IF(OR($P56="Quinzaine A",AND($P56="Hebdo · groupes alternés",$C56="A"))," Q-A",IF(OR($P56="Quinzaine B",AND($P56="Hebdo · groupes alternés",$C56="B"))," Q-B",IF($P56="Exception"," PONCT.","")))&IF($X56="Oui"," OPT","")&CHAR(10)&$K56&CHAR(10)&$M56&IF($N56<>"",CHAR(10)&"Salle "&$N56,"")&IF($O56="En ligne",CHAR(10)&"EN LIGNE","")&IF($V56<>"",CHAR(10)&$V56,"") | AF56: 19h30-21h Arabe (Najet) /par quinzaine | AG56: du 14-09 jusquà le 20-09!J62
A57: S1 | B57: du 14 au 20 septembre 2026 | C57: A | D57: 46282 | E57: Jeudi | F57: 0.8125 | G57: 0.875 | H57: =IF(OR($F57="",$G57=""),"",($G57-$F57)*24) | I57: Secondaire | J57: 3éme SCE | K57: Arabe | L57: Arabe | M57: Najet | P57: Hebdo · groupes alternés | Q57: 3éme Eco + 3éme INFO + 3éme SCE | R57: 3 | T57: S1-044 | U57: Original (septembre) | Y57: =IF($M57="","",IF(SUMPRODUCT(($D$4:$D$863=$D57)*($M$4:$M$863=$M57)*($T$4:$T$863<>$T57)*($F$4:$F$863<$G57)*($G$4:$G$863>$F57))>0,"⚠ CONFLIT","")) | Z57: =IF($J57="","",IF(SUMPRODUCT(($D$4:$D$863=$D57)*($J$4:$J$863=$J57)*($T$4:$T$863<>$T57)*($F$4:$F$863<$G57)*($G$4:$G$863>$F57)*(1-($X$4:$X$863="Oui")*($X57="Oui")))>0,"⚠ CONFLIT","")) | AA57: =IF(COUNTIFS($D$4:$D$863,$D57,$J$4:$J$863,$J57,$F$4:$F$863,$F57,$K$4:$K$863,$K57)>1,"⚠ DOUBLON","") | AB57: =IF(COUNTIF($T$4:$T$863,$T57)<>COUNTIFS($T$4:$T$863,$T57,$D$4:$D$863,$D57,$F$4:$F$863,$F57,$G$4:$G$863,$G57,$K$4:$K$863,$K57,$M$4:$M$863,$M57),"⚠ INCOHÉRENT","") | AC57: =COUNTIFS($A$4:$A57,$A57,$J$4:$J57,$J57,$E$4:$E57,$E57) | AD57: =$A57&"|"&$J57&"|"&$E57&"|"&$AC57 | AE57: =IF($W57<>"","⚑ "&$W57&CHAR(10),"")&TEXT($F57,"hh:mm")&"-"&TEXT($G57,"hh:mm")&IF(OR($P57="Quinzaine A",AND($P57="Hebdo · groupes alternés",$C57="A"))," Q-A",IF(OR($P57="Quinzaine B",AND($P57="Hebdo · groupes alternés",$C57="B"))," Q-B",IF($P57="Exception"," PONCT.","")))&IF($X57="Oui"," OPT","")&CHAR(10)&$K57&CHAR(10)&$M57&IF($N57<>"",CHAR(10)&"Salle "&$N57,"")&IF($O57="En ligne",CHAR(10)&"EN LIGNE","")&IF($V57<>"",CHAR(10)&$V57,"") | AF57: 19h30-21h Arabe (Najet) /par quinzaine | AG57: du 14-09 jusquà le 20-09!J62
A58: S1 | B58: du 14 au 20 septembre 2026 | C58: A | D58: 46282 | E58: Jeudi | F58: 0.79166667 | G58: 0.85416667 | H58: =IF(OR($F58="",$G58=""),"",($G58-$F58)*24) | I58: Bac | J58: Bac Eco | K58: Philo | L58: Philo | M58: Fayssel | P58: Hebdo · groupes alternés | Q58: Bac Eco + Bac SCE + Bac INFO | R58: 3 | S58: Oui | T58: S1-045 | U58: Original (septembre) | Y58: =IF($M58="","",IF(SUMPRODUCT(($D$4:$D$863=$D58)*($M$4:$M$863=$M58)*($T$4:$T$863<>$T58)*($F$4:$F$863<$G58)*($G$4:$G$863>$F58))>0,"⚠ CONFLIT","")) | Z58: =IF($J58="","",IF(SUMPRODUCT(($D$4:$D$863=$D58)*($J$4:$J$863=$J58)*($T$4:$T$863<>$T58)*($F$4:$F$863<$G58)*($G$4:$G$863>$F58)*(1-($X$4:$X$863="Oui")*($X58="Oui")))>0,"⚠ CONFLIT","")) | AA58: =IF(COUNTIFS($D$4:$D$863,$D58,$J$4:$J$863,$J58,$F$4:$F$863,$F58,$K$4:$K$863,$K58)>1,"⚠ DOUBLON","") | AB58: =IF(COUNTIF($T$4:$T$863,$T58)<>COUNTIFS($T$4:$T$863,$T58,$D$4:$D$863,$D58,$F$4:$F$863,$F58,$G$4:$G$863,$G58,$K$4:$K$863,$K58,$M$4:$M$863,$M58),"⚠ INCOHÉRENT","") | AC58: =COUNTIFS($A$4:$A58,$A58,$J$4:$J58,$J58,$E$4:$E58,$E58) | AD58: =$A58&"|"&$J58&"|"&$E58&"|"&$AC58 | AE58: =IF($W58<>"","⚑ "&$W58&CHAR(10),"")&TEXT($F58,"hh:mm")&"-"&TEXT($G58,"hh:mm")&IF(OR($P58="Quinzaine A",AND($P58="Hebdo · groupes alternés",$C58="A"))," Q-A",IF(OR($P58="Quinzaine B",AND($P58="Hebdo · groupes alternés",$C58="B"))," Q-B",IF($P58="Exception"," PONCT.","")))&IF($X58="Oui"," OPT","")&CHAR(10)&$K58&CHAR(10)&$M58&IF($N58<>"",CHAR(10)&"Salle "&$N58,"")&IF($O58="En ligne",CHAR(10)&"EN LIGNE","")&IF($V58<>"",CHAR(10)&$V58,"") | AF58: 19h-20h30 Philo (Fayssel) /par quizaine | AG58: du 14-09 jusquà le 20-09!J68
A59: S1 | B59: du 14 au 20 septembre 2026 | C59: A | D59: 46282 | E59: Jeudi | F59: 0.79166667 | G59: 0.85416667 | H59: =IF(OR($F59="",$G59=""),"",($G59-$F59)*24) | I59: Bac | J59: Bac SCE | K59: Philo | L59: Philo | M59: Fayssel | P59: Hebdo · groupes alternés | Q59: Bac Eco + Bac SCE + Bac INFO | R59: 3 | T59: S1-045 | U59: Original (septembre) | Y59: =IF($M59="","",IF(SUMPRODUCT(($D$4:$D$863=$D59)*($M$4:$M$863=$M59)*($T$4:$T$863<>$T59)*($F$4:$F$863<$G59)*($G$4:$G$863>$F59))>0,"⚠ CONFLIT","")) | Z59: =IF($J59="","",IF(SUMPRODUCT(($D$4:$D$863=$D59)*($J$4:$J$863=$J59)*($T$4:$T$863<>$T59)*($F$4:$F$863<$G59)*($G$4:$G$863>$F59)*(1-($X$4:$X$863="Oui")*($X59="Oui")))>0,"⚠ CONFLIT","")) | AA59: =IF(COUNTIFS($D$4:$D$863,$D59,$J$4:$J$863,$J59,$F$4:$F$863,$F59,$K$4:$K$863,$K59)>1,"⚠ DOUBLON","") | AB59: =IF(COUNTIF($T$4:$T$863,$T59)<>COUNTIFS($T$4:$T$863,$T59,$D$4:$D$863,$D59,$F$4:$F$863,$F59,$G$4:$G$863,$G59,$K$4:$K$863,$K59,$M$4:$M$863,$M59),"⚠ INCOHÉRENT","") | AC59: =COUNTIFS($A$4:$A59,$A59,$J$4:$J59,$J59,$E$4:$E59,$E59) | AD59: =$A59&"|"&$J59&"|"&$E59&"|"&$AC59 | AE59: =IF($W59<>"","⚑ "&$W59&CHAR(10),"")&TEXT($F59,"hh:mm")&"-"&TEXT($G59,"hh:mm")&IF(OR($P59="Quinzaine A",AND($P59="Hebdo · groupes alternés",$C59="A"))," Q-A",IF(OR($P59="Quinzaine B",AND($P59="Hebdo · groupes alternés",$C59="B"))," Q-B",IF($P59="Exception"," PONCT.","")))&IF($X59="Oui"," OPT","")&CHAR(10)&$K59&CHAR(10)&$M59&IF($N59<>"",CHAR(10)&"Salle "&$N59,"")&IF($O59="En ligne",CHAR(10)&"EN LIGNE","")&IF($V59<>"",CHAR(10)&$V59,"") | AF59: 19h-20h30 Philo (Fayssel) /par quizaine | AG59: du 14-09 jusquà le 20-09!J68
A60: S1 | B60: du 14 au 20 septembre 2026 | C60: A | D60: 46282 | E60: Jeudi | F60: 0.79166667 | G60: 0.85416667 | H60: =IF(OR($F60="",$G60=""),"",($G60-$F60)*24) | I60: Bac | J60: Bac INFO | K60: Philo | L60: Philo | M60: Fayssel | P60: Hebdo · groupes alternés | Q60: Bac Eco + Bac SCE + Bac INFO | R60: 3 | T60: S1-045 | U60: Original (septembre) | Y60: =IF($M60="","",IF(SUMPRODUCT(($D$4:$D$863=$D60)*($M$4:$M$863=$M60)*($T$4:$T$863<>$T60)*($F$4:$F$863<$G60)*($G$4:$G$863>$F60))>0,"⚠ CONFLIT","")) | Z60: =IF($J60="","",IF(SUMPRODUCT(($D$4:$D$863=$D60)*($J$4:$J$863=$J60)*($T$4:$T$863<>$T60)*($F$4:$F$863<$G60)*($G$4:$G$863>$F60)*(1-($X$4:$X$863="Oui")*($X60="Oui")))>0,"⚠ CONFLIT","")) | AA60: =IF(COUNTIFS($D$4:$D$863,$D60,$J$4:$J$863,$J60,$F$4:$F$863,$F60,$K$4:$K$863,$K60)>1,"⚠ DOUBLON","") | AB60: =IF(COUNTIF($T$4:$T$863,$T60)<>COUNTIFS($T$4:$T$863,$T60,$D$4:$D$863,$D60,$F$4:$F$863,$F60,$G$4:$G$863,$G60,$K$4:$K$863,$K60,$M$4:$M$863,$M60),"⚠ INCOHÉRENT","") | AC60: =COUNTIFS($A$4:$A60,$A60,$J$4:$J60,$J60,$E$4:$E60,$E60) | AD60: =$A60&"|"&$J60&"|"&$E60&"|"&$AC60 | AE60: =IF($W60<>"","⚑ "&$W60&CHAR(10),"")&TEXT($F60,"hh:mm")&"-"&TEXT($G60,"hh:mm")&IF(OR($P60="Quinzaine A",AND($P60="Hebdo · groupes alternés",$C60="A"))," Q-A",IF(OR($P60="Quinzaine B",AND($P60="Hebdo · groupes alternés",$C60="B"))," Q-B",IF($P60="Exception"," PONCT.","")))&IF($X60="Oui"," OPT","")&CHAR(10)&$K60&CHAR(10)&$M60&IF($N60<>"",CHAR(10)&"Salle "&$N60,"")&IF($O60="En ligne",CHAR(10)&"EN LIGNE","")&IF($V60<>"",CHAR(10)&$V60,"") | AF60: 19h-20h30 Philo (Fayssel) /par quizaine | AG60: du 14-09 jusquà le 20-09!J68
A61: S1 | B61: du 14 au 20 septembre 2026 | C61: A | D61: 46283 | E61: Vendredi | F61: 0.79166667 | G61: 0.85416667 | H61: =IF(OR($F61="",$G61=""),"",($G61-$F61)*24) | I61: Primaire | J61: 4éme | K61: إيقاظ علمي | L61: Éveil scientifique | M61: Bassma | P61: Hebdo · groupes alternés | R61: 1 | S61: Oui | T61: S1-046 | U61: Original (septembre) | Y61: =IF($M61="","",IF(SUMPRODUCT(($D$4:$D$863=$D61)*($M$4:$M$863=$M61)*($T$4:$T$863<>$T61)*($F$4:$F$863<$G61)*($G$4:$G$863>$F61))>0,"⚠ CONFLIT","")) | Z61: =IF($J61="","",IF(SUMPRODUCT(($D$4:$D$863=$D61)*($J$4:$J$863=$J61)*($T$4:$T$863<>$T61)*($F$4:$F$863<$G61)*($G$4:$G$863>$F61)*(1-($X$4:$X$863="Oui")*($X61="Oui")))>0,"⚠ CONFLIT","")) | AA61: =IF(COUNTIFS($D$4:$D$863,$D61,$J$4:$J$863,$J61,$F$4:$F$863,$F61,$K$4:$K$863,$K61)>1,"⚠ DOUBLON","") | AB61: =IF(COUNTIF($T$4:$T$863,$T61)<>COUNTIFS($T$4:$T$863,$T61,$D$4:$D$863,$D61,$F$4:$F$863,$F61,$G$4:$G$863,$G61,$K$4:$K$863,$K61,$M$4:$M$863,$M61),"⚠ INCOHÉRENT","") | AC61: =COUNTIFS($A$4:$A61,$A61,$J$4:$J61,$J61,$E$4:$E61,$E61) | AD61: =$A61&"|"&$J61&"|"&$E61&"|"&$AC61 | AE61: =IF($W61<>"","⚑ "&$W61&CHAR(10),"")&TEXT($F61,"hh:mm")&"-"&TEXT($G61,"hh:mm")&IF(OR($P61="Quinzaine A",AND($P61="Hebdo · groupes alternés",$C61="A"))," Q-A",IF(OR($P61="Quinzaine B",AND($P61="Hebdo · groupes alternés",$C61="B"))," Q-B",IF($P61="Exception"," PONCT.","")))&IF($X61="Oui"," OPT","")&CHAR(10)&$K61&CHAR(10)&$M61&IF($N61<>"",CHAR(10)&"Salle "&$N61,"")&IF($O61="En ligne",CHAR(10)&"EN LIGNE","")&IF($V61<>"",CHAR(10)&$V61,"") | AF61: 19h-20h30 إيقاظ علمي /par quinzaine (Bassma) | AG61: du 14-09 jusquà le 20-09!K3
A62: S1 | B62: du 14 au 20 septembre 2026 | C62: A | D62: 46283 | E62: Vendredi | F62: 0.8125 | G62: 0.875 | H62: =IF(OR($F62="",$G62=""),"",($G62-$F62)*24) | I62: Primaire | J62: 6éme Pilote (A) | K62: إيقاظ علمي | L62: Éveil scientifique | M62: Noura | P62: Hebdomadaire | Q62: 6éme Pilote (A) + 6éme (B) | R62: 2 | S62: Oui | T62: S1-047 | U62: Original (septembre) | Y62: =IF($M62="","",IF(SUMPRODUCT(($D$4:$D$863=$D62)*($M$4:$M$863=$M62)*($T$4:$T$863<>$T62)*($F$4:$F$863<$G62)*($G$4:$G$863>$F62))>0,"⚠ CONFLIT","")) | Z62: =IF($J62="","",IF(SUMPRODUCT(($D$4:$D$863=$D62)*($J$4:$J$863=$J62)*($T$4:$T$863<>$T62)*($F$4:$F$863<$G62)*($G$4:$G$863>$F62)*(1-($X$4:$X$863="Oui")*($X62="Oui")))>0,"⚠ CONFLIT","")) | AA62: =IF(COUNTIFS($D$4:$D$863,$D62,$J$4:$J$863,$J62,$F$4:$F$863,$F62,$K$4:$K$863,$K62)>1,"⚠ DOUBLON","") | AB62: =IF(COUNTIF($T$4:$T$863,$T62)<>COUNTIFS($T$4:$T$863,$T62,$D$4:$D$863,$D62,$F$4:$F$863,$F62,$G$4:$G$863,$G62,$K$4:$K$863,$K62,$M$4:$M$863,$M62),"⚠ INCOHÉRENT","") | AC62: =COUNTIFS($A$4:$A62,$A62,$J$4:$J62,$J62,$E$4:$E62,$E62) | AD62: =$A62&"|"&$J62&"|"&$E62&"|"&$AC62 | AE62: =IF($W62<>"","⚑ "&$W62&CHAR(10),"")&TEXT($F62,"hh:mm")&"-"&TEXT($G62,"hh:mm")&IF(OR($P62="Quinzaine A",AND($P62="Hebdo · groupes alternés",$C62="A"))," Q-A",IF(OR($P62="Quinzaine B",AND($P62="Hebdo · groupes alternés",$C62="B"))," Q-B",IF($P62="Exception"," PONCT.","")))&IF($X62="Oui"," OPT","")&CHAR(10)&$K62&CHAR(10)&$M62&IF($N62<>"",CHAR(10)&"Salle "&$N62,"")&IF($O62="En ligne",CHAR(10)&"EN LIGNE","")&IF($V62<>"",CHAR(10)&$V62,"") | AF62: 19h30-21h إيقاظ علمي (Noura) | AG62: du 14-09 jusquà le 20-09!K12
A63: S1 | B63: du 14 au 20 septembre 2026 | C63: A | D63: 46283 | E63: Vendredi | F63: 0.8125 | G63: 0.875 | H63: =IF(OR($F63="",$G63=""),"",($G63-$F63)*24) | I63: Primaire | J63: 6éme (B) | K63: إيقاظ علمي | L63: Éveil scientifique | M63: Noura | P63: Hebdomadaire | Q63: 6éme Pilote (A) + 6éme (B) | R63: 2 | T63: S1-047 | U63: Original (septembre) | Y63: =IF($M63="","",IF(SUMPRODUCT(($D$4:$D$863=$D63)*($M$4:$M$863=$M63)*($T$4:$T$863<>$T63)*($F$4:$F$863<$G63)*($G$4:$G$863>$F63))>0,"⚠ CONFLIT","")) | Z63: =IF($J63="","",IF(SUMPRODUCT(($D$4:$D$863=$D63)*($J$4:$J$863=$J63)*($T$4:$T$863<>$T63)*($F$4:$F$863<$G63)*($G$4:$G$863>$F63)*(1-($X$4:$X$863="Oui")*($X63="Oui")))>0,"⚠ CONFLIT","")) | AA63: =IF(COUNTIFS($D$4:$D$863,$D63,$J$4:$J$863,$J63,$F$4:$F$863,$F63,$K$4:$K$863,$K63)>1,"⚠ DOUBLON","") | AB63: =IF(COUNTIF($T$4:$T$863,$T63)<>COUNTIFS($T$4:$T$863,$T63,$D$4:$D$863,$D63,$F$4:$F$863,$F63,$G$4:$G$863,$G63,$K$4:$K$863,$K63,$M$4:$M$863,$M63),"⚠ INCOHÉRENT","") | AC63: =COUNTIFS($A$4:$A63,$A63,$J$4:$J63,$J63,$E$4:$E63,$E63) | AD63: =$A63&"|"&$J63&"|"&$E63&"|"&$AC63 | AE63: =IF($W63<>"","⚑ "&$W63&CHAR(10),"")&TEXT($F63,"hh:mm")&"-"&TEXT($G63,"hh:mm")&IF(OR($P63="Quinzaine A",AND($P63="Hebdo · groupes alternés",$C63="A"))," Q-A",IF(OR($P63="Quinzaine B",AND($P63="Hebdo · groupes alternés",$C63="B"))," Q-B",IF($P63="Exception"," PONCT.","")))&IF($X63="Oui"," OPT","")&CHAR(10)&$K63&CHAR(10)&$M63&IF($N63<>"",CHAR(10)&"Salle "&$N63,"")&IF($O63="En ligne",CHAR(10)&"EN LIGNE","")&IF($V63<>"",CHAR(10)&$V63,"") | AF63: 19h30-21h إيقاظ علمي (Noura) | AG63: du 14-09 jusquà le 20-09!K12
A64: S1 | B64: du 14 au 20 septembre 2026 | C64: A | D64: 46283 | E64: Vendredi | F64: 0.75 | G64: 0.8125 | H64: =IF(OR($F64="",$G64=""),"",($G64-$F64)*24) | I64: Collège | J64: 7éme (A) | K64: Math | L64: Math | M64: Khouloud | P64: Hebdomadaire | R64: 1 | S64: Oui | T64: S1-048 | U64: Original (septembre) | Y64: =IF($M64="","",IF(SUMPRODUCT(($D$4:$D$863=$D64)*($M$4:$M$863=$M64)*($T$4:$T$863<>$T64)*($F$4:$F$863<$G64)*($G$4:$G$863>$F64))>0,"⚠ CONFLIT","")) | Z64: =IF($J64="","",IF(SUMPRODUCT(($D$4:$D$863=$D64)*($J$4:$J$863=$J64)*($T$4:$T$863<>$T64)*($F$4:$F$863<$G64)*($G$4:$G$863>$F64)*(1-($X$4:$X$863="Oui")*($X64="Oui")))>0,"⚠ CONFLIT","")) | AA64: =IF(COUNTIFS($D$4:$D$863,$D64,$J$4:$J$863,$J64,$F$4:$F$863,$F64,$K$4:$K$863,$K64)>1,"⚠ DOUBLON","") | AB64: =IF(COUNTIF($T$4:$T$863,$T64)<>COUNTIFS($T$4:$T$863,$T64,$D$4:$D$863,$D64,$F$4:$F$863,$F64,$G$4:$G$863,$G64,$K$4:$K$863,$K64,$M$4:$M$863,$M64),"⚠ INCOHÉRENT","") | AC64: =COUNTIFS($A$4:$A64,$A64,$J$4:$J64,$J64,$E$4:$E64,$E64) | AD64: =$A64&"|"&$J64&"|"&$E64&"|"&$AC64 | AE64: =IF($W64<>"","⚑ "&$W64&CHAR(10),"")&TEXT($F64,"hh:mm")&"-"&TEXT($G64,"hh:mm")&IF(OR($P64="Quinzaine A",AND($P64="Hebdo · groupes alternés",$C64="A"))," Q-A",IF(OR($P64="Quinzaine B",AND($P64="Hebdo · groupes alternés",$C64="B"))," Q-B",IF($P64="Exception"," PONCT.","")))&IF($X64="Oui"," OPT","")&CHAR(10)&$K64&CHAR(10)&$M64&IF($N64<>"",CHAR(10)&"Salle "&$N64,"")&IF($O64="En ligne",CHAR(10)&"EN LIGNE","")&IF($V64<>"",CHAR(10)&$V64,"") | AF64: 18h-19h30 Math (Khouloud) | AG64: du 14-09 jusquà le 20-09!K19
A65: S1 | B65: du 14 au 20 septembre 2026 | C65: A | D65: 46283 | E65: Vendredi | F65: 0.8125 | G65: 0.875 | H65: =IF(OR($F65="",$G65=""),"",($G65-$F65)*24) | I65: Collège | J65: 7éme (B) | K65: Math | L65: Math | M65: Khouloud | P65: Hebdomadaire | R65: 1 | S65: Oui | T65: S1-049 | U65: Original (septembre) | Y65: =IF($M65="","",IF(SUMPRODUCT(($D$4:$D$863=$D65)*($M$4:$M$863=$M65)*($T$4:$T$863<>$T65)*($F$4:$F$863<$G65)*($G$4:$G$863>$F65))>0,"⚠ CONFLIT","")) | Z65: =IF($J65="","",IF(SUMPRODUCT(($D$4:$D$863=$D65)*($J$4:$J$863=$J65)*($T$4:$T$863<>$T65)*($F$4:$F$863<$G65)*($G$4:$G$863>$F65)*(1-($X$4:$X$863="Oui")*($X65="Oui")))>0,"⚠ CONFLIT","")) | AA65: =IF(COUNTIFS($D$4:$D$863,$D65,$J$4:$J$863,$J65,$F$4:$F$863,$F65,$K$4:$K$863,$K65)>1,"⚠ DOUBLON","") | AB65: =IF(COUNTIF($T$4:$T$863,$T65)<>COUNTIFS($T$4:$T$863,$T65,$D$4:$D$863,$D65,$F$4:$F$863,$F65,$G$4:$G$863,$G65,$K$4:$K$863,$K65,$M$4:$M$863,$M65),"⚠ INCOHÉRENT","") | AC65: =COUNTIFS($A$4:$A65,$A65,$J$4:$J65,$J65,$E$4:$E65,$E65) | AD65: =$A65&"|"&$J65&"|"&$E65&"|"&$AC65 | AE65: =IF($W65<>"","⚑ "&$W65&CHAR(10),"")&TEXT($F65,"hh:mm")&"-"&TEXT($G65,"hh:mm")&IF(OR($P65="Quinzaine A",AND($P65="Hebdo · groupes alternés",$C65="A"))," Q-A",IF(OR($P65="Quinzaine B",AND($P65="Hebdo · groupes alternés",$C65="B"))," Q-B",IF($P65="Exception"," PONCT.","")))&IF($X65="Oui"," OPT","")&CHAR(10)&$K65&CHAR(10)&$M65&IF($N65<>"",CHAR(10)&"Salle "&$N65,"")&IF($O65="En ligne",CHAR(10)&"EN LIGNE","")&IF($V65<>"",CHAR(10)&$V65,"") | AF65: 19h30-21h Math (Khouloud) | AG65: du 14-09 jusquà le 20-09!K23
A66: S1 | B66: du 14 au 20 septembre 2026 | C66: A | D66: 46283 | E66: Vendredi | F66: 0.8125 | G66: 0.875 | H66: =IF(OR($F66="",$G66=""),"",($G66-$F66)*24) | I66: Collège | J66: 8éme (A) | K66: فيزياء | L66: Physique | M66: Melek | P66: Hebdomadaire | Q66: 8éme (A) + 8éme (B) + 8éme (C) | R66: 3 | S66: Oui | T66: S1-050 | U66: Original (septembre) | Y66: =IF($M66="","",IF(SUMPRODUCT(($D$4:$D$863=$D66)*($M$4:$M$863=$M66)*($T$4:$T$863<>$T66)*($F$4:$F$863<$G66)*($G$4:$G$863>$F66))>0,"⚠ CONFLIT","")) | Z66: =IF($J66="","",IF(SUMPRODUCT(($D$4:$D$863=$D66)*($J$4:$J$863=$J66)*($T$4:$T$863<>$T66)*($F$4:$F$863<$G66)*($G$4:$G$863>$F66)*(1-($X$4:$X$863="Oui")*($X66="Oui")))>0,"⚠ CONFLIT","")) | AA66: =IF(COUNTIFS($D$4:$D$863,$D66,$J$4:$J$863,$J66,$F$4:$F$863,$F66,$K$4:$K$863,$K66)>1,"⚠ DOUBLON","") | AB66: =IF(COUNTIF($T$4:$T$863,$T66)<>COUNTIFS($T$4:$T$863,$T66,$D$4:$D$863,$D66,$F$4:$F$863,$F66,$G$4:$G$863,$G66,$K$4:$K$863,$K66,$M$4:$M$863,$M66),"⚠ INCOHÉRENT","") | AC66: =COUNTIFS($A$4:$A66,$A66,$J$4:$J66,$J66,$E$4:$E66,$E66) | AD66: =$A66&"|"&$J66&"|"&$E66&"|"&$AC66 | AE66: =IF($W66<>"","⚑ "&$W66&CHAR(10),"")&TEXT($F66,"hh:mm")&"-"&TEXT($G66,"hh:mm")&IF(OR($P66="Quinzaine A",AND($P66="Hebdo · groupes alternés",$C66="A"))," Q-A",IF(OR($P66="Quinzaine B",AND($P66="Hebdo · groupes alternés",$C66="B"))," Q-B",IF($P66="Exception"," PONCT.","")))&IF($X66="Oui"," OPT","")&CHAR(10)&$K66&CHAR(10)&$M66&IF($N66<>"",CHAR(10)&"Salle "&$N66,"")&IF($O66="En ligne",CHAR(10)&"EN LIGNE","")&IF($V66<>"",CHAR(10)&$V66,"") | AF66: 19h30-21h فيزياء /par quinzaine (Melek) | AG66: du 14-09 jusquà le 20-09!K27
A67: S1 | B67: du 14 au 20 septembre 2026 | C67: A | D67: 46283 | E67: Vendredi | F67: 0.8125 | G67: 0.875 | H67: =IF(OR($F67="",$G67=""),"",($G67-$F67)*24) | I67: Collège | J67: 8éme (B) | K67: فيزياء | L67: Physique | M67: Melek | P67: Hebdomadaire | Q67: 8éme (A) + 8éme (B) + 8éme (C) | R67: 3 | T67: S1-050 | U67: Original (septembre) | Y67: =IF($M67="","",IF(SUMPRODUCT(($D$4:$D$863=$D67)*($M$4:$M$863=$M67)*($T$4:$T$863<>$T67)*($F$4:$F$863<$G67)*($G$4:$G$863>$F67))>0,"⚠ CONFLIT","")) | Z67: =IF($J67="","",IF(SUMPRODUCT(($D$4:$D$863=$D67)*($J$4:$J$863=$J67)*($T$4:$T$863<>$T67)*($F$4:$F$863<$G67)*($G$4:$G$863>$F67)*(1-($X$4:$X$863="Oui")*($X67="Oui")))>0,"⚠ CONFLIT","")) | AA67: =IF(COUNTIFS($D$4:$D$863,$D67,$J$4:$J$863,$J67,$F$4:$F$863,$F67,$K$4:$K$863,$K67)>1,"⚠ DOUBLON","") | AB67: =IF(COUNTIF($T$4:$T$863,$T67)<>COUNTIFS($T$4:$T$863,$T67,$D$4:$D$863,$D67,$F$4:$F$863,$F67,$G$4:$G$863,$G67,$K$4:$K$863,$K67,$M$4:$M$863,$M67),"⚠ INCOHÉRENT","") | AC67: =COUNTIFS($A$4:$A67,$A67,$J$4:$J67,$J67,$E$4:$E67,$E67) | AD67: =$A67&"|"&$J67&"|"&$E67&"|"&$AC67 | AE67: =IF($W67<>"","⚑ "&$W67&CHAR(10),"")&TEXT($F67,"hh:mm")&"-"&TEXT($G67,"hh:mm")&IF(OR($P67="Quinzaine A",AND($P67="Hebdo · groupes alternés",$C67="A"))," Q-A",IF(OR($P67="Quinzaine B",AND($P67="Hebdo · groupes alternés",$C67="B"))," Q-B",IF($P67="Exception"," PONCT.","")))&IF($X67="Oui"," OPT","")&CHAR(10)&$K67&CHAR(10)&$M67&IF($N67<>"",CHAR(10)&"Salle "&$N67,"")&IF($O67="En ligne",CHAR(10)&"EN LIGNE","")&IF($V67<>"",CHAR(10)&$V67,"") | AF67: 19h30-21h فيزياء /par quinzaine (Melek) | AG67: du 14-09 jusquà le 20-09!K27
A68: S1 | B68: du 14 au 20 septembre 2026 | C68: A | D68: 46283 | E68: Vendredi | F68: 0.8125 | G68: 0.875 | H68: =IF(OR($F68="",$G68=""),"",($G68-$F68)*24) | I68: Collège | J68: 8éme (C) | K68: فيزياء | L68: Physique | M68: Melek | P68: Hebdomadaire | Q68: 8éme (A) + 8éme (B) + 8éme (C) | R68: 3 | T68: S1-050 | U68: Original (septembre) | Y68: =IF($M68="","",IF(SUMPRODUCT(($D$4:$D$863=$D68)*($M$4:$M$863=$M68)*($T$4:$T$863<>$T68)*($F$4:$F$863<$G68)*($G$4:$G$863>$F68))>0,"⚠ CONFLIT","")) | Z68: =IF($J68="","",IF(SUMPRODUCT(($D$4:$D$863=$D68)*($J$4:$J$863=$J68)*($T$4:$T$863<>$T68)*($F$4:$F$863<$G68)*($G$4:$G$863>$F68)*(1-($X$4:$X$863="Oui")*($X68="Oui")))>0,"⚠ CONFLIT","")) | AA68: =IF(COUNTIFS($D$4:$D$863,$D68,$J$4:$J$863,$J68,$F$4:$F$863,$F68,$K$4:$K$863,$K68)>1,"⚠ DOUBLON","") | AB68: =IF(COUNTIF($T$4:$T$863,$T68)<>COUNTIFS($T$4:$T$863,$T68,$D$4:$D$863,$D68,$F$4:$F$863,$F68,$G$4:$G$863,$G68,$K$4:$K$863,$K68,$M$4:$M$863,$M68),"⚠ INCOHÉRENT","") | AC68: =COUNTIFS($A$4:$A68,$A68,$J$4:$J68,$J68,$E$4:$E68,$E68) | AD68: =$A68&"|"&$J68&"|"&$E68&"|"&$AC68 | AE68: =IF($W68<>"","⚑ "&$W68&CHAR(10),"")&TEXT($F68,"hh:mm")&"-"&TEXT($G68,"hh:mm")&IF(OR($P68="Quinzaine A",AND($P68="Hebdo · groupes alternés",$C68="A"))," Q-A",IF(OR($P68="Quinzaine B",AND($P68="Hebdo · groupes alternés",$C68="B"))," Q-B",IF($P68="Exception"," PONCT.","")))&IF($X68="Oui"," OPT","")&CHAR(10)&$K68&CHAR(10)&$M68&IF($N68<>"",CHAR(10)&"Salle "&$N68,"")&IF($O68="En ligne",CHAR(10)&"EN LIGNE","")&IF($V68<>"",CHAR(10)&$V68,"") | AF68: 19h30-21h فيزياء /par quinzaine (Melek) | AG68: du 14-09 jusquà le 20-09!K27
A69: S1 | B69: du 14 au 20 septembre 2026 | C69: A | D69: 46283 | E69: Vendredi | F69: 0.8125 | G69: 0.875 | H69: =IF(OR($F69="",$G69=""),"",($G69-$F69)*24) | I69: Collège | J69: 9éme (C) | K69: Arabe | L69: Arabe | M69: Yahya | P69: Hebdomadaire | R69: 1 | S69: Oui | T69: S1-051 | U69: Original (septembre) | Y69: =IF($M69="","",IF(SUMPRODUCT(($D$4:$D$863=$D69)*($M$4:$M$863=$M69)*($T$4:$T$863<>$T69)*($F$4:$F$863<$G69)*($G$4:$G$863>$F69))>0,"⚠ CONFLIT","")) | Z69: =IF($J69="","",IF(SUMPRODUCT(($D$4:$D$863=$D69)*($J$4:$J$863=$J69)*($T$4:$T$863<>$T69)*($F$4:$F$863<$G69)*($G$4:$G$863>$F69)*(1-($X$4:$X$863="Oui")*($X69="Oui")))>0,"⚠ CONFLIT","")) | AA69: =IF(COUNTIFS($D$4:$D$863,$D69,$J$4:$J$863,$J69,$F$4:$F$863,$F69,$K$4:$K$863,$K69)>1,"⚠ DOUBLON","") | AB69: =IF(COUNTIF($T$4:$T$863,$T69)<>COUNTIFS($T$4:$T$863,$T69,$D$4:$D$863,$D69,$F$4:$F$863,$F69,$G$4:$G$863,$G69,$K$4:$K$863,$K69,$M$4:$M$863,$M69),"⚠ INCOHÉRENT","") | AC69: =COUNTIFS($A$4:$A69,$A69,$J$4:$J69,$J69,$E$4:$E69,$E69) | AD69: =$A69&"|"&$J69&"|"&$E69&"|"&$AC69 | AE69: =IF($W69<>"","⚑ "&$W69&CHAR(10),"")&TEXT($F69,"hh:mm")&"-"&TEXT($G69,"hh:mm")&IF(OR($P69="Quinzaine A",AND($P69="Hebdo · groupes alternés",$C69="A"))," Q-A",IF(OR($P69="Quinzaine B",AND($P69="Hebdo · groupes alternés",$C69="B"))," Q-B",IF($P69="Exception"," PONCT.","")))&IF($X69="Oui"," OPT","")&CHAR(10)&$K69&CHAR(10)&$M69&IF($N69<>"",CHAR(10)&"Salle "&$N69,"")&IF($O69="En ligne",CHAR(10)&"EN LIGNE","")&IF($V69<>"",CHAR(10)&$V69,"") | AF69: 19h30-21h Arabe (Yahya) | AG69: du 14-09 jusquà le 20-09!K46
A70: S1 | B70: du 14 au 20 septembre 2026 | C70: A | D70: 46283 | E70: Vendredi | F70: 0.72916667 | G70: 0.79166667 | H70: =IF(OR($F70="",$G70=""),"",($G70-$F70)*24) | I70: Secondaire | J70: 1ére (A) | K70: Arabe | L70: Arabe | M70: Najet | P70: Hebdomadaire | R70: 1 | S70: Oui | T70: S1-052 | U70: Original (septembre) | Y70: =IF($M70="","",IF(SUMPRODUCT(($D$4:$D$863=$D70)*($M$4:$M$863=$M70)*($T$4:$T$863<>$T70)*($F$4:$F$863<$G70)*($G$4:$G$863>$F70))>0,"⚠ CONFLIT","")) | Z70: =IF($J70="","",IF(SUMPRODUCT(($D$4:$D$863=$D70)*($J$4:$J$863=$J70)*($T$4:$T$863<>$T70)*($F$4:$F$863<$G70)*($G$4:$G$863>$F70)*(1-($X$4:$X$863="Oui")*($X70="Oui")))>0,"⚠ CONFLIT","")) | AA70: =IF(COUNTIFS($D$4:$D$863,$D70,$J$4:$J$863,$J70,$F$4:$F$863,$F70,$K$4:$K$863,$K70)>1,"⚠ DOUBLON","") | AB70: =IF(COUNTIF($T$4:$T$863,$T70)<>COUNTIFS($T$4:$T$863,$T70,$D$4:$D$863,$D70,$F$4:$F$863,$F70,$G$4:$G$863,$G70,$K$4:$K$863,$K70,$M$4:$M$863,$M70),"⚠ INCOHÉRENT","") | AC70: =COUNTIFS($A$4:$A70,$A70,$J$4:$J70,$J70,$E$4:$E70,$E70) | AD70: =$A70&"|"&$J70&"|"&$E70&"|"&$AC70 | AE70: =IF($W70<>"","⚑ "&$W70&CHAR(10),"")&TEXT($F70,"hh:mm")&"-"&TEXT($G70,"hh:mm")&IF(OR($P70="Quinzaine A",AND($P70="Hebdo · groupes alternés",$C70="A"))," Q-A",IF(OR($P70="Quinzaine B",AND($P70="Hebdo · groupes alternés",$C70="B"))," Q-B",IF($P70="Exception"," PONCT.","")))&IF($X70="Oui"," OPT","")&CHAR(10)&$K70&CHAR(10)&$M70&IF($N70<>"",CHAR(10)&"Salle "&$N70,"")&IF($O70="En ligne",CHAR(10)&"EN LIGNE","")&IF($V70<>"",CHAR(10)&$V70,"") | AF70: 17h30-19h Arabe (Najet) | AG70: du 14-09 jusquà le 20-09!K48
A71: S1 | B71: du 14 au 20 septembre 2026 | C71: A | D71: 46283 | E71: Vendredi | F71: 0.79166667 | G71: 0.85416667 | H71: =IF(OR($F71="",$G71=""),"",($G71-$F71)*24) | I71: Secondaire | J71: 1ére (B) | K71: Arabe | L71: Arabe | M71: Najet | P71: Hebdomadaire | R71: 1 | S71: Oui | T71: S1-053 | U71: Original (septembre) | Y71: =IF($M71="","",IF(SUMPRODUCT(($D$4:$D$863=$D71)*($M$4:$M$863=$M71)*($T$4:$T$863<>$T71)*($F$4:$F$863<$G71)*($G$4:$G$863>$F71))>0,"⚠ CONFLIT","")) | Z71: =IF($J71="","",IF(SUMPRODUCT(($D$4:$D$863=$D71)*($J$4:$J$863=$J71)*($T$4:$T$863<>$T71)*($F$4:$F$863<$G71)*($G$4:$G$863>$F71)*(1-($X$4:$X$863="Oui")*($X71="Oui")))>0,"⚠ CONFLIT","")) | AA71: =IF(COUNTIFS($D$4:$D$863,$D71,$J$4:$J$863,$J71,$F$4:$F$863,$F71,$K$4:$K$863,$K71)>1,"⚠ DOUBLON","") | AB71: =IF(COUNTIF($T$4:$T$863,$T71)<>COUNTIFS($T$4:$T$863,$T71,$D$4:$D$863,$D71,$F$4:$F$863,$F71,$G$4:$G$863,$G71,$K$4:$K$863,$K71,$M$4:$M$863,$M71),"⚠ INCOHÉRENT","") | AC71: =COUNTIFS($A$4:$A71,$A71,$J$4:$J71,$J71,$E$4:$E71,$E71) | AD71: =$A71&"|"&$J71&"|"&$E71&"|"&$AC71 | AE71: =IF($W71<>"","⚑ "&$W71&CHAR(10),"")&TEXT($F71,"hh:mm")&"-"&TEXT($G71,"hh:mm")&IF(OR($P71="Quinzaine A",AND($P71="Hebdo · groupes alternés",$C71="A"))," Q-A",IF(OR($P71="Quinzaine B",AND($P71="Hebdo · groupes alternés",$C71="B"))," Q-B",IF($P71="Exception"," PONCT.","")))&IF($X71="Oui"," OPT","")&CHAR(10)&$K71&CHAR(10)&$M71&IF($N71<>"",CHAR(10)&"Salle "&$N71,"")&IF($O71="En ligne",CHAR(10)&"EN LIGNE","")&IF($V71<>"",CHAR(10)&$V71,"") | AF71: 19h-20h30 Arabe (Najet) | AG71: du 14-09 jusquà le 20-09!K52
A72: S1 | B72: du 14 au 20 septembre 2026 | C72: A | D72: 46283 | E72: Vendredi | F72: 0.72916667 | G72: 0.79166667 | H72: =IF(OR($F72="",$G72=""),"",($G72-$F72)*24) | I72: Secondaire | J72: 2éme Eco | K72: Français | L72: Français | M72: Nabil | P72: Hebdo · groupes alternés | Q72: 2éme Eco + 2éme SCE + 2éme INFO | R72: 3 | S72: Oui | T72: S1-054 | U72: Original (septembre) | Y72: =IF($M72="","",IF(SUMPRODUCT(($D$4:$D$863=$D72)*($M$4:$M$863=$M72)*($T$4:$T$863<>$T72)*($F$4:$F$863<$G72)*($G$4:$G$863>$F72))>0,"⚠ CONFLIT","")) | Z72: =IF($J72="","",IF(SUMPRODUCT(($D$4:$D$863=$D72)*($J$4:$J$863=$J72)*($T$4:$T$863<>$T72)*($F$4:$F$863<$G72)*($G$4:$G$863>$F72)*(1-($X$4:$X$863="Oui")*($X72="Oui")))>0,"⚠ CONFLIT","")) | AA72: =IF(COUNTIFS($D$4:$D$863,$D72,$J$4:$J$863,$J72,$F$4:$F$863,$F72,$K$4:$K$863,$K72)>1,"⚠ DOUBLON","") | AB72: =IF(COUNTIF($T$4:$T$863,$T72)<>COUNTIFS($T$4:$T$863,$T72,$D$4:$D$863,$D72,$F$4:$F$863,$F72,$G$4:$G$863,$G72,$K$4:$K$863,$K72,$M$4:$M$863,$M72),"⚠ INCOHÉRENT","") | AC72: =COUNTIFS($A$4:$A72,$A72,$J$4:$J72,$J72,$E$4:$E72,$E72) | AD72: =$A72&"|"&$J72&"|"&$E72&"|"&$AC72 | AE72: =IF($W72<>"","⚑ "&$W72&CHAR(10),"")&TEXT($F72,"hh:mm")&"-"&TEXT($G72,"hh:mm")&IF(OR($P72="Quinzaine A",AND($P72="Hebdo · groupes alternés",$C72="A"))," Q-A",IF(OR($P72="Quinzaine B",AND($P72="Hebdo · groupes alternés",$C72="B"))," Q-B",IF($P72="Exception"," PONCT.","")))&IF($X72="Oui"," OPT","")&CHAR(10)&$K72&CHAR(10)&$M72&IF($N72<>"",CHAR(10)&"Salle "&$N72,"")&IF($O72="En ligne",CHAR(10)&"EN LIGNE","")&IF($V72<>"",CHAR(10)&$V72,"") | AF72: 17h30-19h Français (Nabil) | AG72: du 14-09 jusquà le 20-09!K56
A73: S1 | B73: du 14 au 20 septembre 2026 | C73: A | D73: 46283 | E73: Vendredi | F73: 0.72916667 | G73: 0.79166667 | H73: =IF(OR($F73="",$G73=""),"",($G73-$F73)*24) | I73: Secondaire | J73: 2éme SCE | K73: Français | L73: Français | M73: Nabil | P73: Hebdo · groupes alternés | Q73: 2éme Eco + 2éme SCE + 2éme INFO | R73: 3 | T73: S1-054 | U73: Original (septembre) | Y73: =IF($M73="","",IF(SUMPRODUCT(($D$4:$D$863=$D73)*($M$4:$M$863=$M73)*($T$4:$T$863<>$T73)*($F$4:$F$863<$G73)*($G$4:$G$863>$F73))>0,"⚠ CONFLIT","")) | Z73: =IF($J73="","",IF(SUMPRODUCT(($D$4:$D$863=$D73)*($J$4:$J$863=$J73)*($T$4:$T$863<>$T73)*($F$4:$F$863<$G73)*($G$4:$G$863>$F73)*(1-($X$4:$X$863="Oui")*($X73="Oui")))>0,"⚠ CONFLIT","")) | AA73: =IF(COUNTIFS($D$4:$D$863,$D73,$J$4:$J$863,$J73,$F$4:$F$863,$F73,$K$4:$K$863,$K73)>1,"⚠ DOUBLON","") | AB73: =IF(COUNTIF($T$4:$T$863,$T73)<>COUNTIFS($T$4:$T$863,$T73,$D$4:$D$863,$D73,$F$4:$F$863,$F73,$G$4:$G$863,$G73,$K$4:$K$863,$K73,$M$4:$M$863,$M73),"⚠ INCOHÉRENT","") | AC73: =COUNTIFS($A$4:$A73,$A73,$J$4:$J73,$J73,$E$4:$E73,$E73) | AD73: =$A73&"|"&$J73&"|"&$E73&"|"&$AC73 | AE73: =IF($W73<>"","⚑ "&$W73&CHAR(10),"")&TEXT($F73,"hh:mm")&"-"&TEXT($G73,"hh:mm")&IF(OR($P73="Quinzaine A",AND($P73="Hebdo · groupes alternés",$C73="A"))," Q-A",IF(OR($P73="Quinzaine B",AND($P73="Hebdo · groupes alternés",$C73="B"))," Q-B",IF($P73="Exception"," PONCT.","")))&IF($X73="Oui"," OPT","")&CHAR(10)&$K73&CHAR(10)&$M73&IF($N73<>"",CHAR(10)&"Salle "&$N73,"")&IF($O73="En ligne",CHAR(10)&"EN LIGNE","")&IF($V73<>"",CHAR(10)&$V73,"") | AF73: 17h30-19h Français (Nabil) | AG73: du 14-09 jusquà le 20-09!K56
A74: S1 | B74: du 14 au 20 septembre 2026 | C74: A | D74: 46283 | E74: Vendredi | F74: 0.72916667 | G74: 0.79166667 | H74: =IF(OR($F74="",$G74=""),"",($G74-$F74)*24) | I74: Secondaire | J74: 2éme INFO | K74: Français | L74: Français | M74: Nabil | P74: Hebdo · groupes alternés | Q74: 2éme Eco + 2éme SCE + 2éme INFO | R74: 3 | T74: S1-054 | U74: Original (septembre) | Y74: =IF($M74="","",IF(SUMPRODUCT(($D$4:$D$863=$D74)*($M$4:$M$863=$M74)*($T$4:$T$863<>$T74)*($F$4:$F$863<$G74)*($G$4:$G$863>$F74))>0,"⚠ CONFLIT","")) | Z74: =IF($J74="","",IF(SUMPRODUCT(($D$4:$D$863=$D74)*($J$4:$J$863=$J74)*($T$4:$T$863<>$T74)*($F$4:$F$863<$G74)*($G$4:$G$863>$F74)*(1-($X$4:$X$863="Oui")*($X74="Oui")))>0,"⚠ CONFLIT","")) | AA74: =IF(COUNTIFS($D$4:$D$863,$D74,$J$4:$J$863,$J74,$F$4:$F$863,$F74,$K$4:$K$863,$K74)>1,"⚠ DOUBLON","") | AB74: =IF(COUNTIF($T$4:$T$863,$T74)<>COUNTIFS($T$4:$T$863,$T74,$D$4:$D$863,$D74,$F$4:$F$863,$F74,$G$4:$G$863,$G74,$K$4:$K$863,$K74,$M$4:$M$863,$M74),"⚠ INCOHÉRENT","") | AC74: =COUNTIFS($A$4:$A74,$A74,$J$4:$J74,$J74,$E$4:$E74,$E74) | AD74: =$A74&"|"&$J74&"|"&$E74&"|"&$AC74 | AE74: =IF($W74<>"","⚑ "&$W74&CHAR(10),"")&TEXT($F74,"hh:mm")&"-"&TEXT($G74,"hh:mm")&IF(OR($P74="Quinzaine A",AND($P74="Hebdo · groupes alternés",$C74="A"))," Q-A",IF(OR($P74="Quinzaine B",AND($P74="Hebdo · groupes alternés",$C74="B"))," Q-B",IF($P74="Exception"," PONCT.","")))&IF($X74="Oui"," OPT","")&CHAR(10)&$K74&CHAR(10)&$M74&IF($N74<>"",CHAR(10)&"Salle "&$N74,"")&IF($O74="En ligne",CHAR(10)&"EN LIGNE","")&IF($V74<>"",CHAR(10)&$V74,"") | AF74: 17h30-19h Français (Nabil) | AG74: du 14-09 jusquà le 20-09!K56
A75: S1 | B75: du 14 au 20 septembre 2026 | C75: A | D75: 46283 | E75: Vendredi | F75: 0.8125 | G75: 0.875 | H75: =IF(OR($F75="",$G75=""),"",($G75-$F75)*24) | I75: Secondaire | J75: 2éme INFO | K75: Math | L75: Math | M75: Haythem | P75: Hebdomadaire | R75: 1 | S75: Oui | T75: S1-055 | U75: Original (septembre) | Y75: =IF($M75="","",IF(SUMPRODUCT(($D$4:$D$863=$D75)*($M$4:$M$863=$M75)*($T$4:$T$863<>$T75)*($F$4:$F$863<$G75)*($G$4:$G$863>$F75))>0,"⚠ CONFLIT","")) | Z75: =IF($J75="","",IF(SUMPRODUCT(($D$4:$D$863=$D75)*($J$4:$J$863=$J75)*($T$4:$T$863<>$T75)*($F$4:$F$863<$G75)*($G$4:$G$863>$F75)*(1-($X$4:$X$863="Oui")*($X75="Oui")))>0,"⚠ CONFLIT","")) | AA75: =IF(COUNTIFS($D$4:$D$863,$D75,$J$4:$J$863,$J75,$F$4:$F$863,$F75,$K$4:$K$863,$K75)>1,"⚠ DOUBLON","") | AB75: =IF(COUNTIF($T$4:$T$863,$T75)<>COUNTIFS($T$4:$T$863,$T75,$D$4:$D$863,$D75,$F$4:$F$863,$F75,$G$4:$G$863,$G75,$K$4:$K$863,$K75,$M$4:$M$863,$M75),"⚠ INCOHÉRENT","") | AC75: =COUNTIFS($A$4:$A75,$A75,$J$4:$J75,$J75,$E$4:$E75,$E75) | AD75: =$A75&"|"&$J75&"|"&$E75&"|"&$AC75 | AE75: =IF($W75<>"","⚑ "&$W75&CHAR(10),"")&TEXT($F75,"hh:mm")&"-"&TEXT($G75,"hh:mm")&IF(OR($P75="Quinzaine A",AND($P75="Hebdo · groupes alternés",$C75="A"))," Q-A",IF(OR($P75="Quinzaine B",AND($P75="Hebdo · groupes alternés",$C75="B"))," Q-B",IF($P75="Exception"," PONCT.","")))&IF($X75="Oui"," OPT","")&CHAR(10)&$K75&CHAR(10)&$M75&IF($N75<>"",CHAR(10)&"Salle "&$N75,"")&IF($O75="En ligne",CHAR(10)&"EN LIGNE","")&IF($V75<>"",CHAR(10)&$V75,"") | AF75: 19h30-21h Math (Haythem) | AG75: du 14-09 jusquà le 20-09!K61
A76: S1 | B76: du 14 au 20 septembre 2026 | C76: A | D76: 46283 | E76: Vendredi | F76: 0.79166667 | G76: 0.85416667 | H76: =IF(OR($F76="",$G76=""),"",($G76-$F76)*24) | I76: Secondaire | J76: 3éme Eco | K76: Français | L76: Français | M76: Nabil | P76: Quinzaine A | Q76: 3éme Eco + 3éme INFO + 3éme SCE | R76: 3 | S76: Oui | T76: S1-056 | U76: Original (septembre) | Y76: =IF($M76="","",IF(SUMPRODUCT(($D$4:$D$863=$D76)*($M$4:$M$863=$M76)*($T$4:$T$863<>$T76)*($F$4:$F$863<$G76)*($G$4:$G$863>$F76))>0,"⚠ CONFLIT","")) | Z76: =IF($J76="","",IF(SUMPRODUCT(($D$4:$D$863=$D76)*($J$4:$J$863=$J76)*($T$4:$T$863<>$T76)*($F$4:$F$863<$G76)*($G$4:$G$863>$F76)*(1-($X$4:$X$863="Oui")*($X76="Oui")))>0,"⚠ CONFLIT","")) | AA76: =IF(COUNTIFS($D$4:$D$863,$D76,$J$4:$J$863,$J76,$F$4:$F$863,$F76,$K$4:$K$863,$K76)>1,"⚠ DOUBLON","") | AB76: =IF(COUNTIF($T$4:$T$863,$T76)<>COUNTIFS($T$4:$T$863,$T76,$D$4:$D$863,$D76,$F$4:$F$863,$F76,$G$4:$G$863,$G76,$K$4:$K$863,$K76,$M$4:$M$863,$M76),"⚠ INCOHÉRENT","") | AC76: =COUNTIFS($A$4:$A76,$A76,$J$4:$J76,$J76,$E$4:$E76,$E76) | AD76: =$A76&"|"&$J76&"|"&$E76&"|"&$AC76 | AE76: =IF($W76<>"","⚑ "&$W76&CHAR(10),"")&TEXT($F76,"hh:mm")&"-"&TEXT($G76,"hh:mm")&IF(OR($P76="Quinzaine A",AND($P76="Hebdo · groupes alternés",$C76="A"))," Q-A",IF(OR($P76="Quinzaine B",AND($P76="Hebdo · groupes alternés",$C76="B"))," Q-B",IF($P76="Exception"," PONCT.","")))&IF($X76="Oui"," OPT","")&CHAR(10)&$K76&CHAR(10)&$M76&IF($N76<>"",CHAR(10)&"Salle "&$N76,"")&IF($O76="En ligne",CHAR(10)&"EN LIGNE","")&IF($V76<>"",CHAR(10)&$V76,"") | AF76: 19h-20h30 Français (Nabil) /par quinzaine | AG76: du 14-09 jusquà le 20-09!K62
A77: S1 | B77: du 14 au 20 septembre 2026 | C77: A | D77: 46283 | E77: Vendredi | F77: 0.79166667 | G77: 0.85416667 | H77: =IF(OR($F77="",$G77=""),"",($G77-$F77)*24) | I77: Secondaire | J77: 3éme INFO | K77: Français | L77: Français | M77: Nabil | P77: Quinzaine A | Q77: 3éme Eco + 3éme INFO + 3éme SCE | R77: 3 | T77: S1-056 | U77: Original (septembre) | Y77: =IF($M77="","",IF(SUMPRODUCT(($D$4:$D$863=$D77)*($M$4:$M$863=$M77)*($T$4:$T$863<>$T77)*($F$4:$F$863<$G77)*($G$4:$G$863>$F77))>0,"⚠ CONFLIT","")) | Z77: =IF($J77="","",IF(SUMPRODUCT(($D$4:$D$863=$D77)*($J$4:$J$863=$J77)*($T$4:$T$863<>$T77)*($F$4:$F$863<$G77)*($G$4:$G$863>$F77)*(1-($X$4:$X$863="Oui")*($X77="Oui")))>0,"⚠ CONFLIT","")) | AA77: =IF(COUNTIFS($D$4:$D$863,$D77,$J$4:$J$863,$J77,$F$4:$F$863,$F77,$K$4:$K$863,$K77)>1,"⚠ DOUBLON","") | AB77: =IF(COUNTIF($T$4:$T$863,$T77)<>COUNTIFS($T$4:$T$863,$T77,$D$4:$D$863,$D77,$F$4:$F$863,$F77,$G$4:$G$863,$G77,$K$4:$K$863,$K77,$M$4:$M$863,$M77),"⚠ INCOHÉRENT","") | AC77: =COUNTIFS($A$4:$A77,$A77,$J$4:$J77,$J77,$E$4:$E77,$E77) | AD77: =$A77&"|"&$J77&"|"&$E77&"|"&$AC77 | AE77: =IF($W77<>"","⚑ "&$W77&CHAR(10),"")&TEXT($F77,"hh:mm")&"-"&TEXT($G77,"hh:mm")&IF(OR($P77="Quinzaine A",AND($P77="Hebdo · groupes alternés",$C77="A"))," Q-A",IF(OR($P77="Quinzaine B",AND($P77="Hebdo · groupes alternés",$C77="B"))," Q-B",IF($P77="Exception"," PONCT.","")))&IF($X77="Oui"," OPT","")&CHAR(10)&$K77&CHAR(10)&$M77&IF($N77<>"",CHAR(10)&"Salle "&$N77,"")&IF($O77="En ligne",CHAR(10)&"EN LIGNE","")&IF($V77<>"",CHAR(10)&$V77,"") | AF77: 19h-20h30 Français (Nabil) /par quinzaine | AG77: du 14-09 jusquà le 20-09!K62
A78: S1 | B78: du 14 au 20 septembre 2026 | C78: A | D78: 46283 | E78: Vendredi | F78: 0.79166667 | G78: 0.85416667 | H78: =IF(OR($F78="",$G78=""),"",($G78-$F78)*24) | I78: Secondaire | J78: 3éme SCE | K78: Français | L78: Français | M78: Nabil | P78: Quinzaine A | Q78: 3éme Eco + 3éme INFO + 3éme SCE | R78: 3 | T78: S1-056 | U78: Original (septembre) | Y78: =IF($M78="","",IF(SUMPRODUCT(($D$4:$D$863=$D78)*($M$4:$M$863=$M78)*($T$4:$T$863<>$T78)*($F$4:$F$863<$G78)*($G$4:$G$863>$F78))>0,"⚠ CONFLIT","")) | Z78: =IF($J78="","",IF(SUMPRODUCT(($D$4:$D$863=$D78)*($J$4:$J$863=$J78)*($T$4:$T$863<>$T78)*($F$4:$F$863<$G78)*($G$4:$G$863>$F78)*(1-($X$4:$X$863="Oui")*($X78="Oui")))>0,"⚠ CONFLIT","")) | AA78: =IF(COUNTIFS($D$4:$D$863,$D78,$J$4:$J$863,$J78,$F$4:$F$863,$F78,$K$4:$K$863,$K78)>1,"⚠ DOUBLON","") | AB78: =IF(COUNTIF($T$4:$T$863,$T78)<>COUNTIFS($T$4:$T$863,$T78,$D$4:$D$863,$D78,$F$4:$F$863,$F78,$G$4:$G$863,$G78,$K$4:$K$863,$K78,$M$4:$M$863,$M78),"⚠ INCOHÉRENT","") | AC78: =COUNTIFS($A$4:$A78,$A78,$J$4:$J78,$J78,$E$4:$E78,$E78) | AD78: =$A78&"|"&$J78&"|"&$E78&"|"&$AC78 | AE78: =IF($W78<>"","⚑ "&$W78&CHAR(10),"")&TEXT($F78,"hh:mm")&"-"&TEXT($G78,"hh:mm")&IF(OR($P78="Quinzaine A",AND($P78="Hebdo · groupes alternés",$C78="A"))," Q-A",IF(OR($P78="Quinzaine B",AND($P78="Hebdo · groupes alternés",$C78="B"))," Q-B",IF($P78="Exception"," PONCT.","")))&IF($X78="Oui"," OPT","")&CHAR(10)&$K78&CHAR(10)&$M78&IF($N78<>"",CHAR(10)&"Salle "&$N78,"")&IF($O78="En ligne",CHAR(10)&"EN LIGNE","")&IF($V78<>"",CHAR(10)&$V78,"") | AF78: 19h-20h30 Français (Nabil) /par quinzaine | AG78: du 14-09 jusquà le 20-09!K62
A79: S1 | B79: du 14 au 20 septembre 2026 | C79: A | D79: 46283 | E79: Vendredi | F79: 0.72916667 | G79: 0.79166667 | H79: =IF(OR($F79="",$G79=""),"",($G79-$F79)*24) | I79: Bac | J79: Bac Eco | K79: Anglais | L79: Anglais | M79: Khaled | P79: Hebdo · groupes alternés | Q79: Bac Eco + Bac SCE + Bac INFO | R79: 3 | S79: Oui | T79: S1-057 | U79: Original (septembre) | Y79: =IF($M79="","",IF(SUMPRODUCT(($D$4:$D$863=$D79)*($M$4:$M$863=$M79)*($T$4:$T$863<>$T79)*($F$4:$F$863<$G79)*($G$4:$G$863>$F79))>0,"⚠ CONFLIT","")) | Z79: =IF($J79="","",IF(SUMPRODUCT(($D$4:$D$863=$D79)*($J$4:$J$863=$J79)*($T$4:$T$863<>$T79)*($F$4:$F$863<$G79)*($G$4:$G$863>$F79)*(1-($X$4:$X$863="Oui")*($X79="Oui")))>0,"⚠ CONFLIT","")) | AA79: =IF(COUNTIFS($D$4:$D$863,$D79,$J$4:$J$863,$J79,$F$4:$F$863,$F79,$K$4:$K$863,$K79)>1,"⚠ DOUBLON","") | AB79: =IF(COUNTIF($T$4:$T$863,$T79)<>COUNTIFS($T$4:$T$863,$T79,$D$4:$D$863,$D79,$F$4:$F$863,$F79,$G$4:$G$863,$G79,$K$4:$K$863,$K79,$M$4:$M$863,$M79),"⚠ INCOHÉRENT","") | AC79: =COUNTIFS($A$4:$A79,$A79,$J$4:$J79,$J79,$E$4:$E79,$E79) | AD79: =$A79&"|"&$J79&"|"&$E79&"|"&$AC79 | AE79: =IF($W79<>"","⚑ "&$W79&CHAR(10),"")&TEXT($F79,"hh:mm")&"-"&TEXT($G79,"hh:mm")&IF(OR($P79="Quinzaine A",AND($P79="Hebdo · groupes alternés",$C79="A"))," Q-A",IF(OR($P79="Quinzaine B",AND($P79="Hebdo · groupes alternés",$C79="B"))," Q-B",IF($P79="Exception"," PONCT.","")))&IF($X79="Oui"," OPT","")&CHAR(10)&$K79&CHAR(10)&$M79&IF($N79<>"",CHAR(10)&"Salle "&$N79,"")&IF($O79="En ligne",CHAR(10)&"EN LIGNE","")&IF($V79<>"",CHAR(10)&$V79,"") | AF79: 17h30-19h Anglais (Khaled) /par quinzaine | AG79: du 14-09 jusquà le 20-09!K68
A80: S1 | B80: du 14 au 20 septembre 2026 | C80: A | D80: 46283 | E80: Vendredi | F80: 0.72916667 | G80: 0.79166667 | H80: =IF(OR($F80="",$G80=""),"",($G80-$F80)*24) | I80: Bac | J80: Bac SCE | K80: Anglais | L80: Anglais | M80: Khaled | P80: Hebdo · groupes alternés | Q80: Bac Eco + Bac SCE + Bac INFO | R80: 3 | T80: S1-057 | U80: Original (septembre) | Y80: =IF($M80="","",IF(SUMPRODUCT(($D$4:$D$863=$D80)*($M$4:$M$863=$M80)*($T$4:$T$863<>$T80)*($F$4:$F$863<$G80)*($G$4:$G$863>$F80))>0,"⚠ CONFLIT","")) | Z80: =IF($J80="","",IF(SUMPRODUCT(($D$4:$D$863=$D80)*($J$4:$J$863=$J80)*($T$4:$T$863<>$T80)*($F$4:$F$863<$G80)*($G$4:$G$863>$F80)*(1-($X$4:$X$863="Oui")*($X80="Oui")))>0,"⚠ CONFLIT","")) | AA80: =IF(COUNTIFS($D$4:$D$863,$D80,$J$4:$J$863,$J80,$F$4:$F$863,$F80,$K$4:$K$863,$K80)>1,"⚠ DOUBLON","") | AB80: =IF(COUNTIF($T$4:$T$863,$T80)<>COUNTIFS($T$4:$T$863,$T80,$D$4:$D$863,$D80,$F$4:$F$863,$F80,$G$4:$G$863,$G80,$K$4:$K$863,$K80,$M$4:$M$863,$M80),"⚠ INCOHÉRENT","") | AC80: =COUNTIFS($A$4:$A80,$A80,$J$4:$J80,$J80,$E$4:$E80,$E80) | AD80: =$A80&"|"&$J80&"|"&$E80&"|"&$AC80 | AE80: =IF($W80<>"","⚑ "&$W80&CHAR(10),"")&TEXT($F80,"hh:mm")&"-"&TEXT($G80,"hh:mm")&IF(OR($P80="Quinzaine A",AND($P80="Hebdo · groupes alternés",$C80="A"))," Q-A",IF(OR($P80="Quinzaine B",AND($P80="Hebdo · groupes alternés",$C80="B"))," Q-B",IF($P80="Exception"," PONCT.","")))&IF($X80="Oui"," OPT","")&CHAR(10)&$K80&CHAR(10)&$M80&IF($N80<>"",CHAR(10)&"Salle "&$N80,"")&IF($O80="En ligne",CHAR(10)&"EN LIGNE","")&IF($V80<>"",CHAR(10)&$V80,"") | AF80: 17h30-19h Anglais (Khaled) /par quinzaine | AG80: du 14-09 jusquà le 20-09!K68
A81: S1 | B81: du 14 au 20 septembre 2026 | C81: A | D81: 46283 | E81: Vendredi | F81: 0.72916667 | G81: 0.79166667 | H81: =IF(OR($F81="",$G81=""),"",($G81-$F81)*24) | I81: Bac | J81: Bac INFO | K81: Anglais | L81: Anglais | M81: Khaled | P81: Hebdo · groupes alternés | Q81: Bac Eco + Bac SCE + Bac INFO | R81: 3 | T81: S1-057 | U81: Original (septembre) | Y81: =IF($M81="","",IF(SUMPRODUCT(($D$4:$D$863=$D81)*($M$4:$M$863=$M81)*($T$4:$T$863<>$T81)*($F$4:$F$863<$G81)*($G$4:$G$863>$F81))>0,"⚠ CONFLIT","")) | Z81: =IF($J81="","",IF(SUMPRODUCT(($D$4:$D$863=$D81)*($J$4:$J$863=$J81)*($T$4:$T$863<>$T81)*($F$4:$F$863<$G81)*($G$4:$G$863>$F81)*(1-($X$4:$X$863="Oui")*($X81="Oui")))>0,"⚠ CONFLIT","")) | AA81: =IF(COUNTIFS($D$4:$D$863,$D81,$J$4:$J$863,$J81,$F$4:$F$863,$F81,$K$4:$K$863,$K81)>1,"⚠ DOUBLON","") | AB81: =IF(COUNTIF($T$4:$T$863,$T81)<>COUNTIFS($T$4:$T$863,$T81,$D$4:$D$863,$D81,$F$4:$F$863,$F81,$G$4:$G$863,$G81,$K$4:$K$863,$K81,$M$4:$M$863,$M81),"⚠ INCOHÉRENT","") | AC81: =COUNTIFS($A$4:$A81,$A81,$J$4:$J81,$J81,$E$4:$E81,$E81) | AD81: =$A81&"|"&$J81&"|"&$E81&"|"&$AC81 | AE81: =IF($W81<>"","⚑ "&$W81&CHAR(10),"")&TEXT($F81,"hh:mm")&"-"&TEXT($G81,"hh:mm")&IF(OR($P81="Quinzaine A",AND($P81="Hebdo · groupes alternés",$C81="A"))," Q-A",IF(OR($P81="Quinzaine B",AND($P81="Hebdo · groupes alternés",$C81="B"))," Q-B",IF($P81="Exception"," PONCT.","")))&IF($X81="Oui"," OPT","")&CHAR(10)&$K81&CHAR(10)&$M81&IF($N81<>"",CHAR(10)&"Salle "&$N81,"")&IF($O81="En ligne",CHAR(10)&"EN LIGNE","")&IF($V81<>"",CHAR(10)&$V81,"") | AF81: 17h30-19h Anglais (Khaled) /par quinzaine | AG81: du 14-09 jusquà le 20-09!K68
A82: S1 | B82: du 14 au 20 septembre 2026 | C82: A | D82: 46284 | E82: Samedi | F82: 0.66666667 | G82: 0.72916667 | H82: =IF(OR($F82="",$G82=""),"",($G82-$F82)*24) | I82: Primaire | J82: 4éme | K82: Français | L82: Français | M82: Hend | P82: Hebdomadaire | R82: 1 | S82: Oui | T82: S1-058 | U82: Original (septembre) | Y82: =IF($M82="","",IF(SUMPRODUCT(($D$4:$D$863=$D82)*($M$4:$M$863=$M82)*($T$4:$T$863<>$T82)*($F$4:$F$863<$G82)*($G$4:$G$863>$F82))>0,"⚠ CONFLIT","")) | Z82: =IF($J82="","",IF(SUMPRODUCT(($D$4:$D$863=$D82)*($J$4:$J$863=$J82)*($T$4:$T$863<>$T82)*($F$4:$F$863<$G82)*($G$4:$G$863>$F82)*(1-($X$4:$X$863="Oui")*($X82="Oui")))>0,"⚠ CONFLIT","")) | AA82: =IF(COUNTIFS($D$4:$D$863,$D82,$J$4:$J$863,$J82,$F$4:$F$863,$F82,$K$4:$K$863,$K82)>1,"⚠ DOUBLON","") | AB82: =IF(COUNTIF($T$4:$T$863,$T82)<>COUNTIFS($T$4:$T$863,$T82,$D$4:$D$863,$D82,$F$4:$F$863,$F82,$G$4:$G$863,$G82,$K$4:$K$863,$K82,$M$4:$M$863,$M82),"⚠ INCOHÉRENT","") | AC82: =COUNTIFS($A$4:$A82,$A82,$J$4:$J82,$J82,$E$4:$E82,$E82) | AD82: =$A82&"|"&$J82&"|"&$E82&"|"&$AC82 | AE82: =IF($W82<>"","⚑ "&$W82&CHAR(10),"")&TEXT($F82,"hh:mm")&"-"&TEXT($G82,"hh:mm")&IF(OR($P82="Quinzaine A",AND($P82="Hebdo · groupes alternés",$C82="A"))," Q-A",IF(OR($P82="Quinzaine B",AND($P82="Hebdo · groupes alternés",$C82="B"))," Q-B",IF($P82="Exception"," PONCT.","")))&IF($X82="Oui"," OPT","")&CHAR(10)&$K82&CHAR(10)&$M82&IF($N82<>"",CHAR(10)&"Salle "&$N82,"")&IF($O82="En ligne",CHAR(10)&"EN LIGNE","")&IF($V82<>"",CHAR(10)&$V82,"") | AF82: 16h-17h30 Français (Hend) | AG82: du 14-09 jusquà le 20-09!L3
A83: S1 | B83: du 14 au 20 septembre 2026 | C83: A | D83: 46284 | E83: Samedi | F83: 0.75 | G83: 0.8125 | H83: =IF(OR($F83="",$G83=""),"",($G83-$F83)*24) | I83: Primaire | J83: 5éme | K83: Français | L83: Français | M83: Hend | P83: Hebdomadaire | R83: 1 | S83: Oui | T83: S1-059 | U83: Original (septembre) | Y83: =IF($M83="","",IF(SUMPRODUCT(($D$4:$D$863=$D83)*($M$4:$M$863=$M83)*($T$4:$T$863<>$T83)*($F$4:$F$863<$G83)*($G$4:$G$863>$F83))>0,"⚠ CONFLIT","")) | Z83: =IF($J83="","",IF(SUMPRODUCT(($D$4:$D$863=$D83)*($J$4:$J$863=$J83)*($T$4:$T$863<>$T83)*($F$4:$F$863<$G83)*($G$4:$G$863>$F83)*(1-($X$4:$X$863="Oui")*($X83="Oui")))>0,"⚠ CONFLIT","")) | AA83: =IF(COUNTIFS($D$4:$D$863,$D83,$J$4:$J$863,$J83,$F$4:$F$863,$F83,$K$4:$K$863,$K83)>1,"⚠ DOUBLON","") | AB83: =IF(COUNTIF($T$4:$T$863,$T83)<>COUNTIFS($T$4:$T$863,$T83,$D$4:$D$863,$D83,$F$4:$F$863,$F83,$G$4:$G$863,$G83,$K$4:$K$863,$K83,$M$4:$M$863,$M83),"⚠ INCOHÉRENT","") | AC83: =COUNTIFS($A$4:$A83,$A83,$J$4:$J83,$J83,$E$4:$E83,$E83) | AD83: =$A83&"|"&$J83&"|"&$E83&"|"&$AC83 | AE83: =IF($W83<>"","⚑ "&$W83&CHAR(10),"")&TEXT($F83,"hh:mm")&"-"&TEXT($G83,"hh:mm")&IF(OR($P83="Quinzaine A",AND($P83="Hebdo · groupes alternés",$C83="A"))," Q-A",IF(OR($P83="Quinzaine B",AND($P83="Hebdo · groupes alternés",$C83="B"))," Q-B",IF($P83="Exception"," PONCT.","")))&IF($X83="Oui"," OPT","")&CHAR(10)&$K83&CHAR(10)&$M83&IF($N83<>"",CHAR(10)&"Salle "&$N83,"")&IF($O83="En ligne",CHAR(10)&"EN LIGNE","")&IF($V83<>"",CHAR(10)&$V83,"") | AF83: 18h-19h30 Français (Hend) | AG83: du 14-09 jusquà le 20-09!L6
A84: S1 | B84: du 14 au 20 septembre 2026 | C84: A | D84: 46284 | E84: Samedi | F84: 0.79166667 | G84: 0.875 | H84: =IF(OR($F84="",$G84=""),"",($G84-$F84)*24) | I84: Primaire | J84: 6éme Pilote (A) | K84: عربية | L84: Arabe | M84: Lobna | P84: Hebdomadaire | R84: 1 | S84: Oui | T84: S1-060 | U84: Original (septembre) | Y84: =IF($M84="","",IF(SUMPRODUCT(($D$4:$D$863=$D84)*($M$4:$M$863=$M84)*($T$4:$T$863<>$T84)*($F$4:$F$863<$G84)*($G$4:$G$863>$F84))>0,"⚠ CONFLIT","")) | Z84: =IF($J84="","",IF(SUMPRODUCT(($D$4:$D$863=$D84)*($J$4:$J$863=$J84)*($T$4:$T$863<>$T84)*($F$4:$F$863<$G84)*($G$4:$G$863>$F84)*(1-($X$4:$X$863="Oui")*($X84="Oui")))>0,"⚠ CONFLIT","")) | AA84: =IF(COUNTIFS($D$4:$D$863,$D84,$J$4:$J$863,$J84,$F$4:$F$863,$F84,$K$4:$K$863,$K84)>1,"⚠ DOUBLON","") | AB84: =IF(COUNTIF($T$4:$T$863,$T84)<>COUNTIFS($T$4:$T$863,$T84,$D$4:$D$863,$D84,$F$4:$F$863,$F84,$G$4:$G$863,$G84,$K$4:$K$863,$K84,$M$4:$M$863,$M84),"⚠ INCOHÉRENT","") | AC84: =COUNTIFS($A$4:$A84,$A84,$J$4:$J84,$J84,$E$4:$E84,$E84) | AD84: =$A84&"|"&$J84&"|"&$E84&"|"&$AC84 | AE84: =IF($W84<>"","⚑ "&$W84&CHAR(10),"")&TEXT($F84,"hh:mm")&"-"&TEXT($G84,"hh:mm")&IF(OR($P84="Quinzaine A",AND($P84="Hebdo · groupes alternés",$C84="A"))," Q-A",IF(OR($P84="Quinzaine B",AND($P84="Hebdo · groupes alternés",$C84="B"))," Q-B",IF($P84="Exception"," PONCT.","")))&IF($X84="Oui"," OPT","")&CHAR(10)&$K84&CHAR(10)&$M84&IF($N84<>"",CHAR(10)&"Salle "&$N84,"")&IF($O84="En ligne",CHAR(10)&"EN LIGNE","")&IF($V84<>"",CHAR(10)&$V84,"") | AF84: 19h-21h عربية (Lobna) | AG84: du 14-09 jusquà le 20-09!L12
A85: S1 | B85: du 14 au 20 septembre 2026 | C85: A | D85: 46284 | E85: Samedi | F85: 0.70833333 | G85: 0.79166667 | H85: =IF(OR($F85="",$G85=""),"",($G85-$F85)*24) | I85: Primaire | J85: 6éme (B) | K85: عربية | L85: Arabe | M85: Lobna | P85: Hebdomadaire | R85: 1 | S85: Oui | T85: S1-061 | U85: Original (septembre) | Y85: =IF($M85="","",IF(SUMPRODUCT(($D$4:$D$863=$D85)*($M$4:$M$863=$M85)*($T$4:$T$863<>$T85)*($F$4:$F$863<$G85)*($G$4:$G$863>$F85))>0,"⚠ CONFLIT","")) | Z85: =IF($J85="","",IF(SUMPRODUCT(($D$4:$D$863=$D85)*($J$4:$J$863=$J85)*($T$4:$T$863<>$T85)*($F$4:$F$863<$G85)*($G$4:$G$863>$F85)*(1-($X$4:$X$863="Oui")*($X85="Oui")))>0,"⚠ CONFLIT","")) | AA85: =IF(COUNTIFS($D$4:$D$863,$D85,$J$4:$J$863,$J85,$F$4:$F$863,$F85,$K$4:$K$863,$K85)>1,"⚠ DOUBLON","") | AB85: =IF(COUNTIF($T$4:$T$863,$T85)<>COUNTIFS($T$4:$T$863,$T85,$D$4:$D$863,$D85,$F$4:$F$863,$F85,$G$4:$G$863,$G85,$K$4:$K$863,$K85,$M$4:$M$863,$M85),"⚠ INCOHÉRENT","") | AC85: =COUNTIFS($A$4:$A85,$A85,$J$4:$J85,$J85,$E$4:$E85,$E85) | AD85: =$A85&"|"&$J85&"|"&$E85&"|"&$AC85 | AE85: =IF($W85<>"","⚑ "&$W85&CHAR(10),"")&TEXT($F85,"hh:mm")&"-"&TEXT($G85,"hh:mm")&IF(OR($P85="Quinzaine A",AND($P85="Hebdo · groupes alternés",$C85="A"))," Q-A",IF(OR($P85="Quinzaine B",AND($P85="Hebdo · groupes alternés",$C85="B"))," Q-B",IF($P85="Exception"," PONCT.","")))&IF($X85="Oui"," OPT","")&CHAR(10)&$K85&CHAR(10)&$M85&IF($N85<>"",CHAR(10)&"Salle "&$N85,"")&IF($O85="En ligne",CHAR(10)&"EN LIGNE","")&IF($V85<>"",CHAR(10)&$V85,"") | AF85: 17h-19h عربية (Lobna) | AG85: du 14-09 jusquà le 20-09!L16
A86: S1 | B86: du 14 au 20 septembre 2026 | C86: A | D86: 46284 | E86: Samedi | F86: 0.66666667 | G86: 0.72916667 | H86: =IF(OR($F86="",$G86=""),"",($G86-$F86)*24) | I86: Collège | J86: 7éme (A) | K86: SVT | L86: SVT | M86: Sabrine | P86: Hebdo · groupes alternés | R86: 1 | S86: Oui | T86: S1-062 | U86: Original (septembre) | Y86: =IF($M86="","",IF(SUMPRODUCT(($D$4:$D$863=$D86)*($M$4:$M$863=$M86)*($T$4:$T$863<>$T86)*($F$4:$F$863<$G86)*($G$4:$G$863>$F86))>0,"⚠ CONFLIT","")) | Z86: =IF($J86="","",IF(SUMPRODUCT(($D$4:$D$863=$D86)*($J$4:$J$863=$J86)*($T$4:$T$863<>$T86)*($F$4:$F$863<$G86)*($G$4:$G$863>$F86)*(1-($X$4:$X$863="Oui")*($X86="Oui")))>0,"⚠ CONFLIT","")) | AA86: =IF(COUNTIFS($D$4:$D$863,$D86,$J$4:$J$863,$J86,$F$4:$F$863,$F86,$K$4:$K$863,$K86)>1,"⚠ DOUBLON","") | AB86: =IF(COUNTIF($T$4:$T$863,$T86)<>COUNTIFS($T$4:$T$863,$T86,$D$4:$D$863,$D86,$F$4:$F$863,$F86,$G$4:$G$863,$G86,$K$4:$K$863,$K86,$M$4:$M$863,$M86),"⚠ INCOHÉRENT","") | AC86: =COUNTIFS($A$4:$A86,$A86,$J$4:$J86,$J86,$E$4:$E86,$E86) | AD86: =$A86&"|"&$J86&"|"&$E86&"|"&$AC86 | AE86: =IF($W86<>"","⚑ "&$W86&CHAR(10),"")&TEXT($F86,"hh:mm")&"-"&TEXT($G86,"hh:mm")&IF(OR($P86="Quinzaine A",AND($P86="Hebdo · groupes alternés",$C86="A"))," Q-A",IF(OR($P86="Quinzaine B",AND($P86="Hebdo · groupes alternés",$C86="B"))," Q-B",IF($P86="Exception"," PONCT.","")))&IF($X86="Oui"," OPT","")&CHAR(10)&$K86&CHAR(10)&$M86&IF($N86<>"",CHAR(10)&"Salle "&$N86,"")&IF($O86="En ligne",CHAR(10)&"EN LIGNE","")&IF($V86<>"",CHAR(10)&$V86,"") | AF86: 16h-17h30 SVT /par quinzaine (Sabrine) | AG86: du 14-09 jusquà le 20-09!L19
A87: S1 | B87: du 14 au 20 septembre 2026 | C87: A | D87: 46284 | E87: Samedi | F87: 0.75 | G87: 0.8125 | H87: =IF(OR($F87="",$G87=""),"",($G87-$F87)*24) | I87: Collège | J87: 7éme (A) | K87: Arabe | L87: Arabe | M87: Awatef | P87: Hebdomadaire | R87: 1 | S87: Oui | T87: S1-063 | U87: Original (septembre) | Y87: =IF($M87="","",IF(SUMPRODUCT(($D$4:$D$863=$D87)*($M$4:$M$863=$M87)*($T$4:$T$863<>$T87)*($F$4:$F$863<$G87)*($G$4:$G$863>$F87))>0,"⚠ CONFLIT","")) | Z87: =IF($J87="","",IF(SUMPRODUCT(($D$4:$D$863=$D87)*($J$4:$J$863=$J87)*($T$4:$T$863<>$T87)*($F$4:$F$863<$G87)*($G$4:$G$863>$F87)*(1-($X$4:$X$863="Oui")*($X87="Oui")))>0,"⚠ CONFLIT","")) | AA87: =IF(COUNTIFS($D$4:$D$863,$D87,$J$4:$J$863,$J87,$F$4:$F$863,$F87,$K$4:$K$863,$K87)>1,"⚠ DOUBLON","") | AB87: =IF(COUNTIF($T$4:$T$863,$T87)<>COUNTIFS($T$4:$T$863,$T87,$D$4:$D$863,$D87,$F$4:$F$863,$F87,$G$4:$G$863,$G87,$K$4:$K$863,$K87,$M$4:$M$863,$M87),"⚠ INCOHÉRENT","") | AC87: =COUNTIFS($A$4:$A87,$A87,$J$4:$J87,$J87,$E$4:$E87,$E87) | AD87: =$A87&"|"&$J87&"|"&$E87&"|"&$AC87 | AE87: =IF($W87<>"","⚑ "&$W87&CHAR(10),"")&TEXT($F87,"hh:mm")&"-"&TEXT($G87,"hh:mm")&IF(OR($P87="Quinzaine A",AND($P87="Hebdo · groupes alternés",$C87="A"))," Q-A",IF(OR($P87="Quinzaine B",AND($P87="Hebdo · groupes alternés",$C87="B"))," Q-B",IF($P87="Exception"," PONCT.","")))&IF($X87="Oui"," OPT","")&CHAR(10)&$K87&CHAR(10)&$M87&IF($N87<>"",CHAR(10)&"Salle "&$N87,"")&IF($O87="En ligne",CHAR(10)&"EN LIGNE","")&IF($V87<>"",CHAR(10)&$V87,"") | AF87: 18h-19h30 Arabe (Awatef) | AG87: du 14-09 jusquà le 20-09!L20
A88: S1 | B88: du 14 au 20 septembre 2026 | C88: A | D88: 46284 | E88: Samedi | F88: 0.72916667 | G88: 0.79166667 | H88: =IF(OR($F88="",$G88=""),"",($G88-$F88)*24) | I88: Collège | J88: 8éme (A) | K88: SVT | L88: SVT | M88: Sabrine | P88: Hebdo · groupes alternés | R88: 1 | S88: Oui | T88: S1-064 | U88: Original (septembre) | Y88: =IF($M88="","",IF(SUMPRODUCT(($D$4:$D$863=$D88)*($M$4:$M$863=$M88)*($T$4:$T$863<>$T88)*($F$4:$F$863<$G88)*($G$4:$G$863>$F88))>0,"⚠ CONFLIT","")) | Z88: =IF($J88="","",IF(SUMPRODUCT(($D$4:$D$863=$D88)*($J$4:$J$863=$J88)*($T$4:$T$863<>$T88)*($F$4:$F$863<$G88)*($G$4:$G$863>$F88)*(1-($X$4:$X$863="Oui")*($X88="Oui")))>0,"⚠ CONFLIT","")) | AA88: =IF(COUNTIFS($D$4:$D$863,$D88,$J$4:$J$863,$J88,$F$4:$F$863,$F88,$K$4:$K$863,$K88)>1,"⚠ DOUBLON","") | AB88: =IF(COUNTIF($T$4:$T$863,$T88)<>COUNTIFS($T$4:$T$863,$T88,$D$4:$D$863,$D88,$F$4:$F$863,$F88,$G$4:$G$863,$G88,$K$4:$K$863,$K88,$M$4:$M$863,$M88),"⚠ INCOHÉRENT","") | AC88: =COUNTIFS($A$4:$A88,$A88,$J$4:$J88,$J88,$E$4:$E88,$E88) | AD88: =$A88&"|"&$J88&"|"&$E88&"|"&$AC88 | AE88: =IF($W88<>"","⚑ "&$W88&CHAR(10),"")&TEXT($F88,"hh:mm")&"-"&TEXT($G88,"hh:mm")&IF(OR($P88="Quinzaine A",AND($P88="Hebdo · groupes alternés",$C88="A"))," Q-A",IF(OR($P88="Quinzaine B",AND($P88="Hebdo · groupes alternés",$C88="B"))," Q-B",IF($P88="Exception"," PONCT.","")))&IF($X88="Oui"," OPT","")&CHAR(10)&$K88&CHAR(10)&$M88&IF($N88<>"",CHAR(10)&"Salle "&$N88,"")&IF($O88="En ligne",CHAR(10)&"EN LIGNE","")&IF($V88<>"",CHAR(10)&$V88,"") | AF88: 17h30-19h SVT /par quinzaine (Sabrine) | AG88: du 14-09 jusquà le 20-09!L27
A89: S1 | B89: du 14 au 20 septembre 2026 | C89: A | D89: 46284 | E89: Samedi | F89: 0.72916667 | G89: 0.79166667 | H89: =IF(OR($F89="",$G89=""),"",($G89-$F89)*24) | I89: Collège | J89: 8éme (B) | K89: Anglais | L89: Anglais | M89: Imen Ben Lazrak | P89: Hebdo · groupes alternés | Q89: 8éme (B) + 8éme (C) | R89: 2 | S89: Oui | T89: S1-065 | U89: Original (septembre) | Y89: =IF($M89="","",IF(SUMPRODUCT(($D$4:$D$863=$D89)*($M$4:$M$863=$M89)*($T$4:$T$863<>$T89)*($F$4:$F$863<$G89)*($G$4:$G$863>$F89))>0,"⚠ CONFLIT","")) | Z89: =IF($J89="","",IF(SUMPRODUCT(($D$4:$D$863=$D89)*($J$4:$J$863=$J89)*($T$4:$T$863<>$T89)*($F$4:$F$863<$G89)*($G$4:$G$863>$F89)*(1-($X$4:$X$863="Oui")*($X89="Oui")))>0,"⚠ CONFLIT","")) | AA89: =IF(COUNTIFS($D$4:$D$863,$D89,$J$4:$J$863,$J89,$F$4:$F$863,$F89,$K$4:$K$863,$K89)>1,"⚠ DOUBLON","") | AB89: =IF(COUNTIF($T$4:$T$863,$T89)<>COUNTIFS($T$4:$T$863,$T89,$D$4:$D$863,$D89,$F$4:$F$863,$F89,$G$4:$G$863,$G89,$K$4:$K$863,$K89,$M$4:$M$863,$M89),"⚠ INCOHÉRENT","") | AC89: =COUNTIFS($A$4:$A89,$A89,$J$4:$J89,$J89,$E$4:$E89,$E89) | AD89: =$A89&"|"&$J89&"|"&$E89&"|"&$AC89 | AE89: =IF($W89<>"","⚑ "&$W89&CHAR(10),"")&TEXT($F89,"hh:mm")&"-"&TEXT($G89,"hh:mm")&IF(OR($P89="Quinzaine A",AND($P89="Hebdo · groupes alternés",$C89="A"))," Q-A",IF(OR($P89="Quinzaine B",AND($P89="Hebdo · groupes alternés",$C89="B"))," Q-B",IF($P89="Exception"," PONCT.","")))&IF($X89="Oui"," OPT","")&CHAR(10)&$K89&CHAR(10)&$M89&IF($N89<>"",CHAR(10)&"Salle "&$N89,"")&IF($O89="En ligne",CHAR(10)&"EN LIGNE","")&IF($V89<>"",CHAR(10)&$V89,"") | AF89: 17h30-19h Anglais /par quinzaine (Imen Ben Lazrak) | AG89: du 14-09 jusquà le 20-09!L31
A90: S1 | B90: du 14 au 20 septembre 2026 | C90: A | D90: 46284 | E90: Samedi | F90: 0.72916667 | G90: 0.79166667 | H90: =IF(OR($F90="",$G90=""),"",($G90-$F90)*24) | I90: Collège | J90: 8éme (C) | K90: Anglais | L90: Anglais | M90: Imen Ben Lazrak | P90: Hebdo · groupes alternés | Q90: 8éme (B) + 8éme (C) | R90: 2 | T90: S1-065 | U90: Original (septembre) | Y90: =IF($M90="","",IF(SUMPRODUCT(($D$4:$D$863=$D90)*($M$4:$M$863=$M90)*($T$4:$T$863<>$T90)*($F$4:$F$863<$G90)*($G$4:$G$863>$F90))>0,"⚠ CONFLIT","")) | Z90: =IF($J90="","",IF(SUMPRODUCT(($D$4:$D$863=$D90)*($J$4:$J$863=$J90)*($T$4:$T$863<>$T90)*($F$4:$F$863<$G90)*($G$4:$G$863>$F90)*(1-($X$4:$X$863="Oui")*($X90="Oui")))>0,"⚠ CONFLIT","")) | AA90: =IF(COUNTIFS($D$4:$D$863,$D90,$J$4:$J$863,$J90,$F$4:$F$863,$F90,$K$4:$K$863,$K90)>1,"⚠ DOUBLON","") | AB90: =IF(COUNTIF($T$4:$T$863,$T90)<>COUNTIFS($T$4:$T$863,$T90,$D$4:$D$863,$D90,$F$4:$F$863,$F90,$G$4:$G$863,$G90,$K$4:$K$863,$K90,$M$4:$M$863,$M90),"⚠ INCOHÉRENT","") | AC90: =COUNTIFS($A$4:$A90,$A90,$J$4:$J90,$J90,$E$4:$E90,$E90) | AD90: =$A90&"|"&$J90&"|"&$E90&"|"&$AC90 | AE90: =IF($W90<>"","⚑ "&$W90&CHAR(10),"")&TEXT($F90,"hh:mm")&"-"&TEXT($G90,"hh:mm")&IF(OR($P90="Quinzaine A",AND($P90="Hebdo · groupes alternés",$C90="A"))," Q-A",IF(OR($P90="Quinzaine B",AND($P90="Hebdo · groupes alternés",$C90="B"))," Q-B",IF($P90="Exception"," PONCT.","")))&IF($X90="Oui"," OPT","")&CHAR(10)&$K90&CHAR(10)&$M90&IF($N90<>"",CHAR(10)&"Salle "&$N90,"")&IF($O90="En ligne",CHAR(10)&"EN LIGNE","")&IF($V90<>"",CHAR(10)&$V90,"") | AF90: 17h30-19h Anglais /par quinzaine (Imen Ben Lazrak) | AG90: du 14-09 jusquà le 20-09!L31
A91: S1 | B91: du 14 au 20 septembre 2026 | C91: A | D91: 46284 | E91: Samedi | F91: 0.6875 | G91: 0.75 | H91: =IF(OR($F91="",$G91=""),"",($G91-$F91)*24) | I91: Collège | J91: 9éme (A) | K91: Arabe | L91: Arabe | M91: Awatef | P91: Hebdomadaire | R91: 1 | S91: Oui | T91: S1-066 | U91: Original (septembre) | Y91: =IF($M91="","",IF(SUMPRODUCT(($D$4:$D$863=$D91)*($M$4:$M$863=$M91)*($T$4:$T$863<>$T91)*($F$4:$F$863<$G91)*($G$4:$G$863>$F91))>0,"⚠ CONFLIT","")) | Z91: =IF($J91="","",IF(SUMPRODUCT(($D$4:$D$863=$D91)*($J$4:$J$863=$J91)*($T$4:$T$863<>$T91)*($F$4:$F$863<$G91)*($G$4:$G$863>$F91)*(1-($X$4:$X$863="Oui")*($X91="Oui")))>0,"⚠ CONFLIT","")) | AA91: =IF(COUNTIFS($D$4:$D$863,$D91,$J$4:$J$863,$J91,$F$4:$F$863,$F91,$K$4:$K$863,$K91)>1,"⚠ DOUBLON","") | AB91: =IF(COUNTIF($T$4:$T$863,$T91)<>COUNTIFS($T$4:$T$863,$T91,$D$4:$D$863,$D91,$F$4:$F$863,$F91,$G$4:$G$863,$G91,$K$4:$K$863,$K91,$M$4:$M$863,$M91),"⚠ INCOHÉRENT","") | AC91: =COUNTIFS($A$4:$A91,$A91,$J$4:$J91,$J91,$E$4:$E91,$E91) | AD91: =$A91&"|"&$J91&"|"&$E91&"|"&$AC91 | AE91: =IF($W91<>"","⚑ "&$W91&CHAR(10),"")&TEXT($F91,"hh:mm")&"-"&TEXT($G91,"hh:mm")&IF(OR($P91="Quinzaine A",AND($P91="Hebdo · groupes alternés",$C91="A"))," Q-A",IF(OR($P91="Quinzaine B",AND($P91="Hebdo · groupes alternés",$C91="B"))," Q-B",IF($P91="Exception"," PONCT.","")))&IF($X91="Oui"," OPT","")&CHAR(10)&$K91&CHAR(10)&$M91&IF($N91<>"",CHAR(10)&"Salle "&$N91,"")&IF($O91="En ligne",CHAR(10)&"EN LIGNE","")&IF($V91<>"",CHAR(10)&$V91,"") | AF91: 16h30-18h Arabe (Awatef) | AG91: du 14-09 jusquà le 20-09!L36
A92: S1 | B92: du 14 au 20 septembre 2026 | C92: A | D92: 46284 | E92: Samedi | F92: 0.75 | G92: 0.8125 | H92: =IF(OR($F92="",$G92=""),"",($G92-$F92)*24) | I92: Collège | J92: 9éme (B) | K92: Math | L92: Math | M92: Hajer | P92: Hebdomadaire | R92: 1 | S92: Oui | T92: S1-067 | U92: Original (septembre) | Y92: =IF($M92="","",IF(SUMPRODUCT(($D$4:$D$863=$D92)*($M$4:$M$863=$M92)*($T$4:$T$863<>$T92)*($F$4:$F$863<$G92)*($G$4:$G$863>$F92))>0,"⚠ CONFLIT","")) | Z92: =IF($J92="","",IF(SUMPRODUCT(($D$4:$D$863=$D92)*($J$4:$J$863=$J92)*($T$4:$T$863<>$T92)*($F$4:$F$863<$G92)*($G$4:$G$863>$F92)*(1-($X$4:$X$863="Oui")*($X92="Oui")))>0,"⚠ CONFLIT","")) | AA92: =IF(COUNTIFS($D$4:$D$863,$D92,$J$4:$J$863,$J92,$F$4:$F$863,$F92,$K$4:$K$863,$K92)>1,"⚠ DOUBLON","") | AB92: =IF(COUNTIF($T$4:$T$863,$T92)<>COUNTIFS($T$4:$T$863,$T92,$D$4:$D$863,$D92,$F$4:$F$863,$F92,$G$4:$G$863,$G92,$K$4:$K$863,$K92,$M$4:$M$863,$M92),"⚠ INCOHÉRENT","") | AC92: =COUNTIFS($A$4:$A92,$A92,$J$4:$J92,$J92,$E$4:$E92,$E92) | AD92: =$A92&"|"&$J92&"|"&$E92&"|"&$AC92 | AE92: =IF($W92<>"","⚑ "&$W92&CHAR(10),"")&TEXT($F92,"hh:mm")&"-"&TEXT($G92,"hh:mm")&IF(OR($P92="Quinzaine A",AND($P92="Hebdo · groupes alternés",$C92="A"))," Q-A",IF(OR($P92="Quinzaine B",AND($P92="Hebdo · groupes alternés",$C92="B"))," Q-B",IF($P92="Exception"," PONCT.","")))&IF($X92="Oui"," OPT","")&CHAR(10)&$K92&CHAR(10)&$M92&IF($N92<>"",CHAR(10)&"Salle "&$N92,"")&IF($O92="En ligne",CHAR(10)&"EN LIGNE","")&IF($V92<>"",CHAR(10)&$V92,"") | AF92: 18h-19h30 Math (Hajer) | AG92: du 14-09 jusquà le 20-09!L43
A93: S1 | B93: du 14 au 20 septembre 2026 | C93: A | D93: 46284 | E93: Samedi | F93: 0.8125 | G93: 0.875 | H93: =IF(OR($F93="",$G93=""),"",($G93-$F93)*24) | I93: Collège | J93: 9éme (C) | K93: Math | L93: Math | M93: Hajer | P93: Hebdomadaire | R93: 1 | S93: Oui | T93: S1-068 | U93: Original (septembre) | Y93: =IF($M93="","",IF(SUMPRODUCT(($D$4:$D$863=$D93)*($M$4:$M$863=$M93)*($T$4:$T$863<>$T93)*($F$4:$F$863<$G93)*($G$4:$G$863>$F93))>0,"⚠ CONFLIT","")) | Z93: =IF($J93="","",IF(SUMPRODUCT(($D$4:$D$863=$D93)*($J$4:$J$863=$J93)*($T$4:$T$863<>$T93)*($F$4:$F$863<$G93)*($G$4:$G$863>$F93)*(1-($X$4:$X$863="Oui")*($X93="Oui")))>0,"⚠ CONFLIT","")) | AA93: =IF(COUNTIFS($D$4:$D$863,$D93,$J$4:$J$863,$J93,$F$4:$F$863,$F93,$K$4:$K$863,$K93)>1,"⚠ DOUBLON","") | AB93: =IF(COUNTIF($T$4:$T$863,$T93)<>COUNTIFS($T$4:$T$863,$T93,$D$4:$D$863,$D93,$F$4:$F$863,$F93,$G$4:$G$863,$G93,$K$4:$K$863,$K93,$M$4:$M$863,$M93),"⚠ INCOHÉRENT","") | AC93: =COUNTIFS($A$4:$A93,$A93,$J$4:$J93,$J93,$E$4:$E93,$E93) | AD93: =$A93&"|"&$J93&"|"&$E93&"|"&$AC93 | AE93: =IF($W93<>"","⚑ "&$W93&CHAR(10),"")&TEXT($F93,"hh:mm")&"-"&TEXT($G93,"hh:mm")&IF(OR($P93="Quinzaine A",AND($P93="Hebdo · groupes alternés",$C93="A"))," Q-A",IF(OR($P93="Quinzaine B",AND($P93="Hebdo · groupes alternés",$C93="B"))," Q-B",IF($P93="Exception"," PONCT.","")))&IF($X93="Oui"," OPT","")&CHAR(10)&$K93&CHAR(10)&$M93&IF($N93<>"",CHAR(10)&"Salle "&$N93,"")&IF($O93="En ligne",CHAR(10)&"EN LIGNE","")&IF($V93<>"",CHAR(10)&$V93,"") | AF93: 19h30-21h Math (Hajer) | AG93: du 14-09 jusquà le 20-09!L46
A94: S1 | B94: du 14 au 20 septembre 2026 | C94: A | D94: 46284 | E94: Samedi | F94: 0.64583333 | G94: 0.70833333 | H94: =IF(OR($F94="",$G94=""),"",($G94-$F94)*24) | I94: Secondaire | J94: 2éme Eco | K94: Histoire | L94: Histoire | M94: Abdelwaheb | P94: Quinzaine A | R94: 1 | S94: Oui | T94: S1-069 | U94: Original (septembre) | Y94: =IF($M94="","",IF(SUMPRODUCT(($D$4:$D$863=$D94)*($M$4:$M$863=$M94)*($T$4:$T$863<>$T94)*($F$4:$F$863<$G94)*($G$4:$G$863>$F94))>0,"⚠ CONFLIT","")) | Z94: =IF($J94="","",IF(SUMPRODUCT(($D$4:$D$863=$D94)*($J$4:$J$863=$J94)*($T$4:$T$863<>$T94)*($F$4:$F$863<$G94)*($G$4:$G$863>$F94)*(1-($X$4:$X$863="Oui")*($X94="Oui")))>0,"⚠ CONFLIT","")) | AA94: =IF(COUNTIFS($D$4:$D$863,$D94,$J$4:$J$863,$J94,$F$4:$F$863,$F94,$K$4:$K$863,$K94)>1,"⚠ DOUBLON","") | AB94: =IF(COUNTIF($T$4:$T$863,$T94)<>COUNTIFS($T$4:$T$863,$T94,$D$4:$D$863,$D94,$F$4:$F$863,$F94,$G$4:$G$863,$G94,$K$4:$K$863,$K94,$M$4:$M$863,$M94),"⚠ INCOHÉRENT","") | AC94: =COUNTIFS($A$4:$A94,$A94,$J$4:$J94,$J94,$E$4:$E94,$E94) | AD94: =$A94&"|"&$J94&"|"&$E94&"|"&$AC94 | AE94: =IF($W94<>"","⚑ "&$W94&CHAR(10),"")&TEXT($F94,"hh:mm")&"-"&TEXT($G94,"hh:mm")&IF(OR($P94="Quinzaine A",AND($P94="Hebdo · groupes alternés",$C94="A"))," Q-A",IF(OR($P94="Quinzaine B",AND($P94="Hebdo · groupes alternés",$C94="B"))," Q-B",IF($P94="Exception"," PONCT.","")))&IF($X94="Oui"," OPT","")&CHAR(10)&$K94&CHAR(10)&$M94&IF($N94<>"",CHAR(10)&"Salle "&$N94,"")&IF($O94="En ligne",CHAR(10)&"EN LIGNE","")&IF($V94<>"",CHAR(10)&$V94,"") | AF94: 15h30-17h Histoire (Abdelwaheb) | AG94: du 14-09 jusquà le 20-09!L56
A95: S1 | B95: du 14 au 20 septembre 2026 | C95: A | D95: 46284 | E95: Samedi | F95: 0.66666667 | G95: 0.72916667 | H95: =IF(OR($F95="",$G95=""),"",($G95-$F95)*24) | I95: Secondaire | J95: 2éme SCE | K95: SVT | L95: SVT | M95: Rym | P95: Hebdomadaire | R95: 1 | S95: Oui | T95: S1-070 | U95: Original (septembre) | Y95: =IF($M95="","",IF(SUMPRODUCT(($D$4:$D$863=$D95)*($M$4:$M$863=$M95)*($T$4:$T$863<>$T95)*($F$4:$F$863<$G95)*($G$4:$G$863>$F95))>0,"⚠ CONFLIT","")) | Z95: =IF($J95="","",IF(SUMPRODUCT(($D$4:$D$863=$D95)*($J$4:$J$863=$J95)*($T$4:$T$863<>$T95)*($F$4:$F$863<$G95)*($G$4:$G$863>$F95)*(1-($X$4:$X$863="Oui")*($X95="Oui")))>0,"⚠ CONFLIT","")) | AA95: =IF(COUNTIFS($D$4:$D$863,$D95,$J$4:$J$863,$J95,$F$4:$F$863,$F95,$K$4:$K$863,$K95)>1,"⚠ DOUBLON","") | AB95: =IF(COUNTIF($T$4:$T$863,$T95)<>COUNTIFS($T$4:$T$863,$T95,$D$4:$D$863,$D95,$F$4:$F$863,$F95,$G$4:$G$863,$G95,$K$4:$K$863,$K95,$M$4:$M$863,$M95),"⚠ INCOHÉRENT","") | AC95: =COUNTIFS($A$4:$A95,$A95,$J$4:$J95,$J95,$E$4:$E95,$E95) | AD95: =$A95&"|"&$J95&"|"&$E95&"|"&$AC95 | AE95: =IF($W95<>"","⚑ "&$W95&CHAR(10),"")&TEXT($F95,"hh:mm")&"-"&TEXT($G95,"hh:mm")&IF(OR($P95="Quinzaine A",AND($P95="Hebdo · groupes alternés",$C95="A"))," Q-A",IF(OR($P95="Quinzaine B",AND($P95="Hebdo · groupes alternés",$C95="B"))," Q-B",IF($P95="Exception"," PONCT.","")))&IF($X95="Oui"," OPT","")&CHAR(10)&$K95&CHAR(10)&$M95&IF($N95<>"",CHAR(10)&"Salle "&$N95,"")&IF($O95="En ligne",CHAR(10)&"EN LIGNE","")&IF($V95<>"",CHAR(10)&$V95,"") | AF95: 16h-17h30 SVT (Rym) | AG95: du 14-09 jusquà le 20-09!L58
A96: S1 | B96: du 14 au 20 septembre 2026 | C96: A | D96: 46284 | E96: Samedi | F96: 0.70833333 | G96: 0.77083333 | H96: =IF(OR($F96="",$G96=""),"",($G96-$F96)*24) | I96: Secondaire | J96: 3éme Eco | K96: Histoire | L96: Histoire | M96: Abdelwaheb | P96: Quinzaine A | R96: 1 | S96: Oui | T96: S1-071 | U96: Original (septembre) | Y96: =IF($M96="","",IF(SUMPRODUCT(($D$4:$D$863=$D96)*($M$4:$M$863=$M96)*($T$4:$T$863<>$T96)*($F$4:$F$863<$G96)*($G$4:$G$863>$F96))>0,"⚠ CONFLIT","")) | Z96: =IF($J96="","",IF(SUMPRODUCT(($D$4:$D$863=$D96)*($J$4:$J$863=$J96)*($T$4:$T$863<>$T96)*($F$4:$F$863<$G96)*($G$4:$G$863>$F96)*(1-($X$4:$X$863="Oui")*($X96="Oui")))>0,"⚠ CONFLIT","")) | AA96: =IF(COUNTIFS($D$4:$D$863,$D96,$J$4:$J$863,$J96,$F$4:$F$863,$F96,$K$4:$K$863,$K96)>1,"⚠ DOUBLON","") | AB96: =IF(COUNTIF($T$4:$T$863,$T96)<>COUNTIFS($T$4:$T$863,$T96,$D$4:$D$863,$D96,$F$4:$F$863,$F96,$G$4:$G$863,$G96,$K$4:$K$863,$K96,$M$4:$M$863,$M96),"⚠ INCOHÉRENT","") | AC96: =COUNTIFS($A$4:$A96,$A96,$J$4:$J96,$J96,$E$4:$E96,$E96) | AD96: =$A96&"|"&$J96&"|"&$E96&"|"&$AC96 | AE96: =IF($W96<>"","⚑ "&$W96&CHAR(10),"")&TEXT($F96,"hh:mm")&"-"&TEXT($G96,"hh:mm")&IF(OR($P96="Quinzaine A",AND($P96="Hebdo · groupes alternés",$C96="A"))," Q-A",IF(OR($P96="Quinzaine B",AND($P96="Hebdo · groupes alternés",$C96="B"))," Q-B",IF($P96="Exception"," PONCT.","")))&IF($X96="Oui"," OPT","")&CHAR(10)&$K96&CHAR(10)&$M96&IF($N96<>"",CHAR(10)&"Salle "&$N96,"")&IF($O96="En ligne",CHAR(10)&"EN LIGNE","")&IF($V96<>"",CHAR(10)&$V96,"") | AF96: 17h-18h30 Histoire (Abdelwaheb) | AG96: du 14-09 jusquà le 20-09!L62
A97: S1 | B97: du 14 au 20 septembre 2026 | C97: A | D97: 46284 | E97: Samedi | F97: 0.625 | G97: 0.70833333 | H97: =IF(OR($F97="",$G97=""),"",($G97-$F97)*24) | I97: Secondaire | J97: 3éme INFO | K97: ALGO | L97: ALGO | M97: Aymen | P97: Hebdomadaire | R97: 1 | S97: Oui | T97: S1-072 | U97: Original (septembre) | Y97: =IF($M97="","",IF(SUMPRODUCT(($D$4:$D$863=$D97)*($M$4:$M$863=$M97)*($T$4:$T$863<>$T97)*($F$4:$F$863<$G97)*($G$4:$G$863>$F97))>0,"⚠ CONFLIT","")) | Z97: =IF($J97="","",IF(SUMPRODUCT(($D$4:$D$863=$D97)*($J$4:$J$863=$J97)*($T$4:$T$863<>$T97)*($F$4:$F$863<$G97)*($G$4:$G$863>$F97)*(1-($X$4:$X$863="Oui")*($X97="Oui")))>0,"⚠ CONFLIT","")) | AA97: =IF(COUNTIFS($D$4:$D$863,$D97,$J$4:$J$863,$J97,$F$4:$F$863,$F97,$K$4:$K$863,$K97)>1,"⚠ DOUBLON","") | AB97: =IF(COUNTIF($T$4:$T$863,$T97)<>COUNTIFS($T$4:$T$863,$T97,$D$4:$D$863,$D97,$F$4:$F$863,$F97,$G$4:$G$863,$G97,$K$4:$K$863,$K97,$M$4:$M$863,$M97),"⚠ INCOHÉRENT","") | AC97: =COUNTIFS($A$4:$A97,$A97,$J$4:$J97,$J97,$E$4:$E97,$E97) | AD97: =$A97&"|"&$J97&"|"&$E97&"|"&$AC97 | AE97: =IF($W97<>"","⚑ "&$W97&CHAR(10),"")&TEXT($F97,"hh:mm")&"-"&TEXT($G97,"hh:mm")&IF(OR($P97="Quinzaine A",AND($P97="Hebdo · groupes alternés",$C97="A"))," Q-A",IF(OR($P97="Quinzaine B",AND($P97="Hebdo · groupes alternés",$C97="B"))," Q-B",IF($P97="Exception"," PONCT.","")))&IF($X97="Oui"," OPT","")&CHAR(10)&$K97&CHAR(10)&$M97&IF($N97<>"",CHAR(10)&"Salle "&$N97,"")&IF($O97="En ligne",CHAR(10)&"EN LIGNE","")&IF($V97<>"",CHAR(10)&$V97,"") | AF97: 15h-17h ALGO (Aymen) | AG97: du 14-09 jusquà le 20-09!L64
A98: S1 | B98: du 14 au 20 septembre 2026 | C98: A | D98: 46284 | E98: Samedi | F98: 0.72916667 | G98: 0.79166667 | H98: =IF(OR($F98="",$G98=""),"",($G98-$F98)*24) | I98: Secondaire | J98: 3éme SCE | K98: SVT | L98: SVT | M98: Rym | P98: Hebdomadaire | R98: 1 | S98: Oui | T98: S1-073 | U98: Original (septembre) | Y98: =IF($M98="","",IF(SUMPRODUCT(($D$4:$D$863=$D98)*($M$4:$M$863=$M98)*($T$4:$T$863<>$T98)*($F$4:$F$863<$G98)*($G$4:$G$863>$F98))>0,"⚠ CONFLIT","")) | Z98: =IF($J98="","",IF(SUMPRODUCT(($D$4:$D$863=$D98)*($J$4:$J$863=$J98)*($T$4:$T$863<>$T98)*($F$4:$F$863<$G98)*($G$4:$G$863>$F98)*(1-($X$4:$X$863="Oui")*($X98="Oui")))>0,"⚠ CONFLIT","")) | AA98: =IF(COUNTIFS($D$4:$D$863,$D98,$J$4:$J$863,$J98,$F$4:$F$863,$F98,$K$4:$K$863,$K98)>1,"⚠ DOUBLON","") | AB98: =IF(COUNTIF($T$4:$T$863,$T98)<>COUNTIFS($T$4:$T$863,$T98,$D$4:$D$863,$D98,$F$4:$F$863,$F98,$G$4:$G$863,$G98,$K$4:$K$863,$K98,$M$4:$M$863,$M98),"⚠ INCOHÉRENT","") | AC98: =COUNTIFS($A$4:$A98,$A98,$J$4:$J98,$J98,$E$4:$E98,$E98) | AD98: =$A98&"|"&$J98&"|"&$E98&"|"&$AC98 | AE98: =IF($W98<>"","⚑ "&$W98&CHAR(10),"")&TEXT($F98,"hh:mm")&"-"&TEXT($G98,"hh:mm")&IF(OR($P98="Quinzaine A",AND($P98="Hebdo · groupes alternés",$C98="A"))," Q-A",IF(OR($P98="Quinzaine B",AND($P98="Hebdo · groupes alternés",$C98="B"))," Q-B",IF($P98="Exception"," PONCT.","")))&IF($X98="Oui"," OPT","")&CHAR(10)&$K98&CHAR(10)&$M98&IF($N98<>"",CHAR(10)&"Salle "&$N98,"")&IF($O98="En ligne",CHAR(10)&"EN LIGNE","")&IF($V98<>"",CHAR(10)&$V98,"") | AF98: 17h30-19h SVT (Rym) | AG98: du 14-09 jusquà le 20-09!L66
A99: S1 | B99: du 14 au 20 septembre 2026 | C99: A | D99: 46284 | E99: Samedi | F99: 0.77083333 | G99: 0.83333333 | H99: =IF(OR($F99="",$G99=""),"",($G99-$F99)*24) | I99: Bac | J99: Bac Eco | K99: Histoire | L99: Histoire | M99: Abdelwaheb | P99: Quinzaine A | R99: 1 | S99: Oui | T99: S1-074 | U99: Original (septembre) | Y99: =IF($M99="","",IF(SUMPRODUCT(($D$4:$D$863=$D99)*($M$4:$M$863=$M99)*($T$4:$T$863<>$T99)*($F$4:$F$863<$G99)*($G$4:$G$863>$F99))>0,"⚠ CONFLIT","")) | Z99: =IF($J99="","",IF(SUMPRODUCT(($D$4:$D$863=$D99)*($J$4:$J$863=$J99)*($T$4:$T$863<>$T99)*($F$4:$F$863<$G99)*($G$4:$G$863>$F99)*(1-($X$4:$X$863="Oui")*($X99="Oui")))>0,"⚠ CONFLIT","")) | AA99: =IF(COUNTIFS($D$4:$D$863,$D99,$J$4:$J$863,$J99,$F$4:$F$863,$F99,$K$4:$K$863,$K99)>1,"⚠ DOUBLON","") | AB99: =IF(COUNTIF($T$4:$T$863,$T99)<>COUNTIFS($T$4:$T$863,$T99,$D$4:$D$863,$D99,$F$4:$F$863,$F99,$G$4:$G$863,$G99,$K$4:$K$863,$K99,$M$4:$M$863,$M99),"⚠ INCOHÉRENT","") | AC99: =COUNTIFS($A$4:$A99,$A99,$J$4:$J99,$J99,$E$4:$E99,$E99) | AD99: =$A99&"|"&$J99&"|"&$E99&"|"&$AC99 | AE99: =IF($W99<>"","⚑ "&$W99&CHAR(10),"")&TEXT($F99,"hh:mm")&"-"&TEXT($G99,"hh:mm")&IF(OR($P99="Quinzaine A",AND($P99="Hebdo · groupes alternés",$C99="A"))," Q-A",IF(OR($P99="Quinzaine B",AND($P99="Hebdo · groupes alternés",$C99="B"))," Q-B",IF($P99="Exception"," PONCT.","")))&IF($X99="Oui"," OPT","")&CHAR(10)&$K99&CHAR(10)&$M99&IF($N99<>"",CHAR(10)&"Salle "&$N99,"")&IF($O99="En ligne",CHAR(10)&"EN LIGNE","")&IF($V99<>"",CHAR(10)&$V99,"") | AF99: 18h30-20h Histoire (Abdelwaheb) | AG99: du 14-09 jusquà le 20-09!L68
A100: S1 | B100: du 14 au 20 septembre 2026 | C100: A | D100: 46284 | E100: Samedi | F100: 0.79166667 | G100: 0.85416667 | H100: =IF(OR($F100="",$G100=""),"",($G100-$F100)*24) | I100: Bac | J100: Bac SCE | K100: SVT | L100: SVT | M100: Rym | P100: Hebdomadaire | R100: 1 | S100: Oui | T100: S1-075 | U100: Original (septembre) | Y100: =IF($M100="","",IF(SUMPRODUCT(($D$4:$D$863=$D100)*($M$4:$M$863=$M100)*($T$4:$T$863<>$T100)*($F$4:$F$863<$G100)*($G$4:$G$863>$F100))>0,"⚠ CONFLIT","")) | Z100: =IF($J100="","",IF(SUMPRODUCT(($D$4:$D$863=$D100)*($J$4:$J$863=$J100)*($T$4:$T$863<>$T100)*($F$4:$F$863<$G100)*($G$4:$G$863>$F100)*(1-($X$4:$X$863="Oui")*($X100="Oui")))>0,"⚠ CONFLIT","")) | AA100: =IF(COUNTIFS($D$4:$D$863,$D100,$J$4:$J$863,$J100,$F$4:$F$863,$F100,$K$4:$K$863,$K100)>1,"⚠ DOUBLON","") | AB100: =IF(COUNTIF($T$4:$T$863,$T100)<>COUNTIFS($T$4:$T$863,$T100,$D$4:$D$863,$D100,$F$4:$F$863,$F100,$G$4:$G$863,$G100,$K$4:$K$863,$K100,$M$4:$M$863,$M100),"⚠ INCOHÉRENT","") | AC100: =COUNTIFS($A$4:$A100,$A100,$J$4:$J100,$J100,$E$4:$E100,$E100) | AD100: =$A100&"|"&$J100&"|"&$E100&"|"&$AC100 | AE100: =IF($W100<>"","⚑ "&$W100&CHAR(10),"")&TEXT($F100,"hh:mm")&"-"&TEXT($G100,"hh:mm")&IF(OR($P100="Quinzaine A",AND($P100="Hebdo · groupes alternés",$C100="A"))," Q-A",IF(OR($P100="Quinzaine B",AND($P100="Hebdo · groupes alternés",$C100="B"))," Q-B",IF($P100="Exception"," PONCT.","")))&IF($X100="Oui"," OPT","")&CHAR(10)&$K100&CHAR(10)&$M100&IF($N100<>"",CHAR(10)&"Salle "&$N100,"")&IF($O100="En ligne",CHAR(10)&"EN LIGNE","")&IF($V100<>"",CHAR(10)&$V100,"") | AF100: 19h-20h30 SVT (Rym) | AG100: du 14-09 jusquà le 20-09!L74
A101: S1 | B101: du 14 au 20 septembre 2026 | C101: A | D101: 46284 | E101: Samedi | F101: 0.79166667 | G101: 0.875 | H101: =IF(OR($F101="",$G101=""),"",($G101-$F101)*24) | I101: Bac | J101: Bac INFO | K101: ALGO | L101: ALGO | M101: Heni | P101: Hebdomadaire | R101: 1 | S101: Oui | T101: S1-076 | U101: Original (septembre) | Y101: =IF($M101="","",IF(SUMPRODUCT(($D$4:$D$863=$D101)*($M$4:$M$863=$M101)*($T$4:$T$863<>$T101)*($F$4:$F$863<$G101)*($G$4:$G$863>$F101))>0,"⚠ CONFLIT","")) | Z101: =IF($J101="","",IF(SUMPRODUCT(($D$4:$D$863=$D101)*($J$4:$J$863=$J101)*($T$4:$T$863<>$T101)*($F$4:$F$863<$G101)*($G$4:$G$863>$F101)*(1-($X$4:$X$863="Oui")*($X101="Oui")))>0,"⚠ CONFLIT","")) | AA101: =IF(COUNTIFS($D$4:$D$863,$D101,$J$4:$J$863,$J101,$F$4:$F$863,$F101,$K$4:$K$863,$K101)>1,"⚠ DOUBLON","") | AB101: =IF(COUNTIF($T$4:$T$863,$T101)<>COUNTIFS($T$4:$T$863,$T101,$D$4:$D$863,$D101,$F$4:$F$863,$F101,$G$4:$G$863,$G101,$K$4:$K$863,$K101,$M$4:$M$863,$M101),"⚠ INCOHÉRENT","") | AC101: =COUNTIFS($A$4:$A101,$A101,$J$4:$J101,$J101,$E$4:$E101,$E101) | AD101: =$A101&"|"&$J101&"|"&$E101&"|"&$AC101 | AE101: =IF($W101<>"","⚑ "&$W101&CHAR(10),"")&TEXT($F101,"hh:mm")&"-"&TEXT($G101,"hh:mm")&IF(OR($P101="Quinzaine A",AND($P101="Hebdo · groupes alternés",$C101="A"))," Q-A",IF(OR($P101="Quinzaine B",AND($P101="Hebdo · groupes alternés",$C101="B"))," Q-B",IF($P101="Exception"," PONCT.","")))&IF($X101="Oui"," OPT","")&CHAR(10)&$K101&CHAR(10)&$M101&IF($N101<>"",CHAR(10)&"Salle "&$N101,"")&IF($O101="En ligne",CHAR(10)&"EN LIGNE","")&IF($V101<>"",CHAR(10)&$V101,"") | AF101: 19h-21h ALGO (Heni) | AG101: du 14-09 jusquà le 20-09!L78
A102: S1 | B102: du 14 au 20 septembre 2026 | C102: A | D102: 46285 | E102: Dimanche | F102: 0.4375 | G102: 0.5 | H102: =IF(OR($F102="",$G102=""),"",($G102-$F102)*24) | I102: Primaire | J102: 4éme | K102: Anglais | L102: Anglais | M102: Samar | P102: Hebdo · groupes alternés | R102: 1 | S102: Oui | T102: S1-077 | U102: Original (septembre) | Y102: =IF($M102="","",IF(SUMPRODUCT(($D$4:$D$863=$D102)*($M$4:$M$863=$M102)*($T$4:$T$863<>$T102)*($F$4:$F$863<$G102)*($G$4:$G$863>$F102))>0,"⚠ CONFLIT","")) | Z102: =IF($J102="","",IF(SUMPRODUCT(($D$4:$D$863=$D102)*($J$4:$J$863=$J102)*($T$4:$T$863<>$T102)*($F$4:$F$863<$G102)*($G$4:$G$863>$F102)*(1-($X$4:$X$863="Oui")*($X102="Oui")))>0,"⚠ CONFLIT","")) | AA102: =IF(COUNTIFS($D$4:$D$863,$D102,$J$4:$J$863,$J102,$F$4:$F$863,$F102,$K$4:$K$863,$K102)>1,"⚠ DOUBLON","") | AB102: =IF(COUNTIF($T$4:$T$863,$T102)<>COUNTIFS($T$4:$T$863,$T102,$D$4:$D$863,$D102,$F$4:$F$863,$F102,$G$4:$G$863,$G102,$K$4:$K$863,$K102,$M$4:$M$863,$M102),"⚠ INCOHÉRENT","") | AC102: =COUNTIFS($A$4:$A102,$A102,$J$4:$J102,$J102,$E$4:$E102,$E102) | AD102: =$A102&"|"&$J102&"|"&$E102&"|"&$AC102 | AE102: =IF($W102<>"","⚑ "&$W102&CHAR(10),"")&TEXT($F102,"hh:mm")&"-"&TEXT($G102,"hh:mm")&IF(OR($P102="Quinzaine A",AND($P102="Hebdo · groupes alternés",$C102="A"))," Q-A",IF(OR($P102="Quinzaine B",AND($P102="Hebdo · groupes alternés",$C102="B"))," Q-B",IF($P102="Exception"," PONCT.","")))&IF($X102="Oui"," OPT","")&CHAR(10)&$K102&CHAR(10)&$M102&IF($N102<>"",CHAR(10)&"Salle "&$N102,"")&IF($O102="En ligne",CHAR(10)&"EN LIGNE","")&IF($V102<>"",CHAR(10)&$V102,"") | AF102: 10h30-12h Anglais /par quinzaine (Samar) | AG102: du 14-09 jusquà le 20-09!M3
A103: S1 | B103: du 14 au 20 septembre 2026 | C103: A | D103: 46285 | E103: Dimanche | F103: 0.5 | G103: 0.5625 | H103: =IF(OR($F103="",$G103=""),"",($G103-$F103)*24) | I103: Primaire | J103: 6éme Pilote (A) | K103: Anglais | L103: Anglais | M103: Samar | P103: Quinzaine A | Q103: 6éme Pilote (A) + 6éme (B) | R103: 2 | S103: Oui | T103: S1-078 | U103: Original (septembre) | Y103: =IF($M103="","",IF(SUMPRODUCT(($D$4:$D$863=$D103)*($M$4:$M$863=$M103)*($T$4:$T$863<>$T103)*($F$4:$F$863<$G103)*($G$4:$G$863>$F103))>0,"⚠ CONFLIT","")) | Z103: =IF($J103="","",IF(SUMPRODUCT(($D$4:$D$863=$D103)*($J$4:$J$863=$J103)*($T$4:$T$863<>$T103)*($F$4:$F$863<$G103)*($G$4:$G$863>$F103)*(1-($X$4:$X$863="Oui")*($X103="Oui")))>0,"⚠ CONFLIT","")) | AA103: =IF(COUNTIFS($D$4:$D$863,$D103,$J$4:$J$863,$J103,$F$4:$F$863,$F103,$K$4:$K$863,$K103)>1,"⚠ DOUBLON","") | AB103: =IF(COUNTIF($T$4:$T$863,$T103)<>COUNTIFS($T$4:$T$863,$T103,$D$4:$D$863,$D103,$F$4:$F$863,$F103,$G$4:$G$863,$G103,$K$4:$K$863,$K103,$M$4:$M$863,$M103),"⚠ INCOHÉRENT","") | AC103: =COUNTIFS($A$4:$A103,$A103,$J$4:$J103,$J103,$E$4:$E103,$E103) | AD103: =$A103&"|"&$J103&"|"&$E103&"|"&$AC103 | AE103: =IF($W103<>"","⚑ "&$W103&CHAR(10),"")&TEXT($F103,"hh:mm")&"-"&TEXT($G103,"hh:mm")&IF(OR($P103="Quinzaine A",AND($P103="Hebdo · groupes alternés",$C103="A"))," Q-A",IF(OR($P103="Quinzaine B",AND($P103="Hebdo · groupes alternés",$C103="B"))," Q-B",IF($P103="Exception"," PONCT.","")))&IF($X103="Oui"," OPT","")&CHAR(10)&$K103&CHAR(10)&$M103&IF($N103<>"",CHAR(10)&"Salle "&$N103,"")&IF($O103="En ligne",CHAR(10)&"EN LIGNE","")&IF($V103<>"",CHAR(10)&$V103,"") | AF103: 12h-13h30 Anglais /par quinzaine (Samar) | AG103: du 14-09 jusquà le 20-09!M12
A104: S1 | B104: du 14 au 20 septembre 2026 | C104: A | D104: 46285 | E104: Dimanche | F104: 0.5 | G104: 0.5625 | H104: =IF(OR($F104="",$G104=""),"",($G104-$F104)*24) | I104: Primaire | J104: 6éme (B) | K104: Anglais | L104: Anglais | M104: Samar | P104: Quinzaine A | Q104: 6éme Pilote (A) + 6éme (B) | R104: 2 | T104: S1-078 | U104: Original (septembre) | Y104: =IF($M104="","",IF(SUMPRODUCT(($D$4:$D$863=$D104)*($M$4:$M$863=$M104)*($T$4:$T$863<>$T104)*($F$4:$F$863<$G104)*($G$4:$G$863>$F104))>0,"⚠ CONFLIT","")) | Z104: =IF($J104="","",IF(SUMPRODUCT(($D$4:$D$863=$D104)*($J$4:$J$863=$J104)*($T$4:$T$863<>$T104)*($F$4:$F$863<$G104)*($G$4:$G$863>$F104)*(1-($X$4:$X$863="Oui")*($X104="Oui")))>0,"⚠ CONFLIT","")) | AA104: =IF(COUNTIFS($D$4:$D$863,$D104,$J$4:$J$863,$J104,$F$4:$F$863,$F104,$K$4:$K$863,$K104)>1,"⚠ DOUBLON","") | AB104: =IF(COUNTIF($T$4:$T$863,$T104)<>COUNTIFS($T$4:$T$863,$T104,$D$4:$D$863,$D104,$F$4:$F$863,$F104,$G$4:$G$863,$G104,$K$4:$K$863,$K104,$M$4:$M$863,$M104),"⚠ INCOHÉRENT","") | AC104: =COUNTIFS($A$4:$A104,$A104,$J$4:$J104,$J104,$E$4:$E104,$E104) | AD104: =$A104&"|"&$J104&"|"&$E104&"|"&$AC104 | AE104: =IF($W104<>"","⚑ "&$W104&CHAR(10),"")&TEXT($F104,"hh:mm")&"-"&TEXT($G104,"hh:mm")&IF(OR($P104="Quinzaine A",AND($P104="Hebdo · groupes alternés",$C104="A"))," Q-A",IF(OR($P104="Quinzaine B",AND($P104="Hebdo · groupes alternés",$C104="B"))," Q-B",IF($P104="Exception"," PONCT.","")))&IF($X104="Oui"," OPT","")&CHAR(10)&$K104&CHAR(10)&$M104&IF($N104<>"",CHAR(10)&"Salle "&$N104,"")&IF($O104="En ligne",CHAR(10)&"EN LIGNE","")&IF($V104<>"",CHAR(10)&$V104,"") | AF104: 12h-13h30 Anglais /par quinzaine (Samar) | AG104: du 14-09 jusquà le 20-09!M12
A105: S1 | B105: du 14 au 20 septembre 2026 | C105: A | D105: 46285 | E105: Dimanche | F105: 0.58333333 | G105: 0.64583333 | H105: =IF(OR($F105="",$G105=""),"",($G105-$F105)*24) | I105: Collège | J105: 7éme (A) | K105: Français | L105: Français | M105: Marwa | P105: Hebdomadaire | R105: 1 | S105: Oui | T105: S1-079 | U105: Original (septembre) | Y105: =IF($M105="","",IF(SUMPRODUCT(($D$4:$D$863=$D105)*($M$4:$M$863=$M105)*($T$4:$T$863<>$T105)*($F$4:$F$863<$G105)*($G$4:$G$863>$F105))>0,"⚠ CONFLIT","")) | Z105: =IF($J105="","",IF(SUMPRODUCT(($D$4:$D$863=$D105)*($J$4:$J$863=$J105)*($T$4:$T$863<>$T105)*($F$4:$F$863<$G105)*($G$4:$G$863>$F105)*(1-($X$4:$X$863="Oui")*($X105="Oui")))>0,"⚠ CONFLIT","")) | AA105: =IF(COUNTIFS($D$4:$D$863,$D105,$J$4:$J$863,$J105,$F$4:$F$863,$F105,$K$4:$K$863,$K105)>1,"⚠ DOUBLON","") | AB105: =IF(COUNTIF($T$4:$T$863,$T105)<>COUNTIFS($T$4:$T$863,$T105,$D$4:$D$863,$D105,$F$4:$F$863,$F105,$G$4:$G$863,$G105,$K$4:$K$863,$K105,$M$4:$M$863,$M105),"⚠ INCOHÉRENT","") | AC105: =COUNTIFS($A$4:$A105,$A105,$J$4:$J105,$J105,$E$4:$E105,$E105) | AD105: =$A105&"|"&$J105&"|"&$E105&"|"&$AC105 | AE105: =IF($W105<>"","⚑ "&$W105&CHAR(10),"")&TEXT($F105,"hh:mm")&"-"&TEXT($G105,"hh:mm")&IF(OR($P105="Quinzaine A",AND($P105="Hebdo · groupes alternés",$C105="A"))," Q-A",IF(OR($P105="Quinzaine B",AND($P105="Hebdo · groupes alternés",$C105="B"))," Q-B",IF($P105="Exception"," PONCT.","")))&IF($X105="Oui"," OPT","")&CHAR(10)&$K105&CHAR(10)&$M105&IF($N105<>"",CHAR(10)&"Salle "&$N105,"")&IF($O105="En ligne",CHAR(10)&"EN LIGNE","")&IF($V105<>"",CHAR(10)&$V105,"") | AF105: 14h-15h30 Français (Marwa) | AG105: du 14-09 jusquà le 20-09!M19
A106: S1 | B106: du 14 au 20 septembre 2026 | C106: A | D106: 46285 | E106: Dimanche | F106: 0.64583333 | G106: 0.70833333 | H106: =IF(OR($F106="",$G106=""),"",($G106-$F106)*24) | I106: Collège | J106: 7éme (B) | K106: Français | L106: Français | M106: Marwa | P106: Hebdomadaire | R106: 1 | S106: Oui | T106: S1-080 | U106: Original (septembre) | Y106: =IF($M106="","",IF(SUMPRODUCT(($D$4:$D$863=$D106)*($M$4:$M$863=$M106)*($T$4:$T$863<>$T106)*($F$4:$F$863<$G106)*($G$4:$G$863>$F106))>0,"⚠ CONFLIT","")) | Z106: =IF($J106="","",IF(SUMPRODUCT(($D$4:$D$863=$D106)*($J$4:$J$863=$J106)*($T$4:$T$863<>$T106)*($F$4:$F$863<$G106)*($G$4:$G$863>$F106)*(1-($X$4:$X$863="Oui")*($X106="Oui")))>0,"⚠ CONFLIT","")) | AA106: =IF(COUNTIFS($D$4:$D$863,$D106,$J$4:$J$863,$J106,$F$4:$F$863,$F106,$K$4:$K$863,$K106)>1,"⚠ DOUBLON","") | AB106: =IF(COUNTIF($T$4:$T$863,$T106)<>COUNTIFS($T$4:$T$863,$T106,$D$4:$D$863,$D106,$F$4:$F$863,$F106,$G$4:$G$863,$G106,$K$4:$K$863,$K106,$M$4:$M$863,$M106),"⚠ INCOHÉRENT","") | AC106: =COUNTIFS($A$4:$A106,$A106,$J$4:$J106,$J106,$E$4:$E106,$E106) | AD106: =$A106&"|"&$J106&"|"&$E106&"|"&$AC106 | AE106: =IF($W106<>"","⚑ "&$W106&CHAR(10),"")&TEXT($F106,"hh:mm")&"-"&TEXT($G106,"hh:mm")&IF(OR($P106="Quinzaine A",AND($P106="Hebdo · groupes alternés",$C106="A"))," Q-A",IF(OR($P106="Quinzaine B",AND($P106="Hebdo · groupes alternés",$C106="B"))," Q-B",IF($P106="Exception"," PONCT.","")))&IF($X106="Oui"," OPT","")&CHAR(10)&$K106&CHAR(10)&$M106&IF($N106<>"",CHAR(10)&"Salle "&$N106,"")&IF($O106="En ligne",CHAR(10)&"EN LIGNE","")&IF($V106<>"",CHAR(10)&$V106,"") | AF106: 15h30-17h Français (Marwa) | AG106: du 14-09 jusquà le 20-09!M23
A107: S1 | B107: du 14 au 20 septembre 2026 | C107: A | D107: 46285 | E107: Dimanche | F107: 0.5625 | G107: 0.625 | H107: =IF(OR($F107="",$G107=""),"",($G107-$F107)*24) | I107: Collège | J107: 8éme (A) | K107: Math | L107: Math | M107: Hajer | P107: Hebdomadaire | R107: 1 | S107: Oui | T107: S1-081 | U107: Original (septembre) | Y107: =IF($M107="","",IF(SUMPRODUCT(($D$4:$D$863=$D107)*($M$4:$M$863=$M107)*($T$4:$T$863<>$T107)*($F$4:$F$863<$G107)*($G$4:$G$863>$F107))>0,"⚠ CONFLIT","")) | Z107: =IF($J107="","",IF(SUMPRODUCT(($D$4:$D$863=$D107)*($J$4:$J$863=$J107)*($T$4:$T$863<>$T107)*($F$4:$F$863<$G107)*($G$4:$G$863>$F107)*(1-($X$4:$X$863="Oui")*($X107="Oui")))>0,"⚠ CONFLIT","")) | AA107: =IF(COUNTIFS($D$4:$D$863,$D107,$J$4:$J$863,$J107,$F$4:$F$863,$F107,$K$4:$K$863,$K107)>1,"⚠ DOUBLON","") | AB107: =IF(COUNTIF($T$4:$T$863,$T107)<>COUNTIFS($T$4:$T$863,$T107,$D$4:$D$863,$D107,$F$4:$F$863,$F107,$G$4:$G$863,$G107,$K$4:$K$863,$K107,$M$4:$M$863,$M107),"⚠ INCOHÉRENT","") | AC107: =COUNTIFS($A$4:$A107,$A107,$J$4:$J107,$J107,$E$4:$E107,$E107) | AD107: =$A107&"|"&$J107&"|"&$E107&"|"&$AC107 | AE107: =IF($W107<>"","⚑ "&$W107&CHAR(10),"")&TEXT($F107,"hh:mm")&"-"&TEXT($G107,"hh:mm")&IF(OR($P107="Quinzaine A",AND($P107="Hebdo · groupes alternés",$C107="A"))," Q-A",IF(OR($P107="Quinzaine B",AND($P107="Hebdo · groupes alternés",$C107="B"))," Q-B",IF($P107="Exception"," PONCT.","")))&IF($X107="Oui"," OPT","")&CHAR(10)&$K107&CHAR(10)&$M107&IF($N107<>"",CHAR(10)&"Salle "&$N107,"")&IF($O107="En ligne",CHAR(10)&"EN LIGNE","")&IF($V107<>"",CHAR(10)&$V107,"") | AF107: 13h30-15h Math (Hajer) | AG107: du 14-09 jusquà le 20-09!M27
...

Sheet Référentiels
A1: RÉFÉRENTIELS — listes de référence du classeur
A2: Ces listes alimentent les menus déroulants de la feuille Planning. Ajouter une valeur ici la rend immédiatement sélectionnable. La colonne Salle est volontairement vide : cette information est absente du fichier d'origine.
A3: CLASSES / GROUPES | G3: MATIÈRES | K3: ENSEIGNANTS | O3: SALLES | Q3: MODES | S3: RYTHMES | U3: CALENDRIER DES SEMAINES | AB3: STATUTS
A4: Ordre | B4: Classe / Groupe | C4: Cycle | D4: Séances sem. A | E4: Séances sem. B | G4: Matière (libellé affiché) | H4: Normalisée | I4: Séances (total) | J4: Couleur | K4: Enseignant | L4: Séances / sem. A | M4: Heures / sem. A | O4: Salle (à compléter) | Q4: Mode | S4: Rythme | U4: Code | V4: Début | W4: Fin | X4: Parité | Y4: Période | Z4: Mois | AB4: Statut (couleur prioritaire)
A5: 1 | B5: 4éme | C5: Primaire | D5: =COUNTIFS(Planning!$C$4:$C$863,"A",Planning!$A$4:$A$863,"S5",Planning!$J$4:$J$863,$B5) | E5: =COUNTIFS(Planning!$C$4:$C$863,"B",Planning!$A$4:$A$863,"S4",Planning!$J$4:$J$863,$B5) | G5: ALGO | H5: ALGO | I5: =COUNTIF(Planning!$K$4:$K$863,$G5) | K5: Abdelwaheb | L5: =COUNTIFS(Planning!$A$4:$A$863,"S5",Planning!$M$4:$M$863,$K5) | M5: =SUMIFS(Planning!$H$4:$H$863,Planning!$A$4:$A$863,"S5",Planning!$M$4:$M$863,$K5) | Q5: Présentiel | S5: Hebdomadaire | U5: S1 | V5: 46279 | W5: 46285 | X5: A | Y5: du 14 au 20 septembre 2026 | Z5: Septembre | AB5: Annulé
A6: 2 | B6: 5éme | C6: Primaire | D6: =COUNTIFS(Planning!$C$4:$C$863,"A",Planning!$A$4:$A$863,"S5",Planning!$J$4:$J$863,$B6) | E6: =COUNTIFS(Planning!$C$4:$C$863,"B",Planning!$A$4:$A$863,"S4",Planning!$J$4:$J$863,$B6) | G6: Anglais | H6: Anglais | I6: =COUNTIF(Planning!$K$4:$K$863,$G6) | K6: Ahmed | L6: =COUNTIFS(Planning!$A$4:$A$863,"S5",Planning!$M$4:$M$863,$K6) | M6: =SUMIFS(Planning!$H$4:$H$863,Planning!$A$4:$A$863,"S5",Planning!$M$4:$M$863,$K6) | Q6: En ligne | S6: Quinzaine A | U6: S2 | V6: 46286 | W6: 46292 | X6: B | Y6: du 21 au 27 septembre 2026 | Z6: Septembre | AB6: Examen / Devoir
A7: 3 | B7: 6éme Pilote (A) | C7: Primaire | D7: =COUNTIFS(Planning!$C$4:$C$863,"A",Planning!$A$4:$A$863,"S5",Planning!$J$4:$J$863,$B7) | E7: =COUNTIFS(Planning!$C$4:$C$863,"B",Planning!$A$4:$A$863,"S4",Planning!$J$4:$J$863,$B7) | G7: Arabe | H7: Arabe | I7: =COUNTIF(Planning!$K$4:$K$863,$G7) | K7: Amel | L7: =COUNTIFS(Planning!$A$4:$A$863,"S5",Planning!$M$4:$M$863,$K7) | M7: =SUMIFS(Planning!$H$4:$H$863,Planning!$A$4:$A$863,"S5",Planning!$M$4:$M$863,$K7) | Q7: Hybride | S7: Quinzaine B | U7: S3 | V7: 46293 | W7: 46299 | X7: A | Y7: du 28 septembre au 4 octobre 2026 | Z7: Référence | AB7: Rattrapage
A8: 4 | B8: 6éme (B) | C8: Primaire | D8: =COUNTIFS(Planning!$C$4:$C$863,"A",Planning!$A$4:$A$863,"S5",Planning!$J$4:$J$863,$B8) | E8: =COUNTIFS(Planning!$C$4:$C$863,"B",Planning!$A$4:$A$863,"S4",Planning!$J$4:$J$863,$B8) | G8: Eco | H8: Eco | I8: =COUNTIF(Planning!$K$4:$K$863,$G8) | K8: Awatef | L8: =COUNTIFS(Planning!$A$4:$A$863,"S5",Planning!$M$4:$M$863,$K8) | M8: =SUMIFS(Planning!$H$4:$H$863,Planning!$A$4:$A$863,"S5",Planning!$M$4:$M$863,$K8) | S8: Exception | U8: S4 | V8: 46300 | W8: 46306 | X8: B | Y8: du 5 au 11 octobre 2026 | Z8: Octobre | AB8: À confirmer
A9: 5 | B9: 7éme (A) | C9: Collège | D9: =COUNTIFS(Planning!$C$4:$C$863,"A",Planning!$A$4:$A$863,"S5",Planning!$J$4:$J$863,$B9) | E9: =COUNTIFS(Planning!$C$4:$C$863,"B",Planning!$A$4:$A$863,"S4",Planning!$J$4:$J$863,$B9) | G9: Espagnol | H9: Espagnol | I9: =COUNTIF(Planning!$K$4:$K$863,$G9) | K9: Aymen | L9: =COUNTIFS(Planning!$A$4:$A$863,"S5",Planning!$M$4:$M$863,$K9) | M9: =SUMIFS(Planning!$H$4:$H$863,Planning!$A$4:$A$863,"S5",Planning!$M$4:$M$863,$K9) | S9: Ponctuelle / modifiée | U9: S5 | V9: 46307 | W9: 46313 | X9: A | Y9: du 12 au 18 octobre 2026 | Z9: Octobre | AB9: Changement de salle
A10: 6 | B10: 7éme (B) | C10: Collège | D10: =COUNTIFS(Planning!$C$4:$C$863,"A",Planning!$A$4:$A$863,"S5",Planning!$J$4:$J$863,$B10) | E10: =COUNTIFS(Planning!$C$4:$C$863,"B",Planning!$A$4:$A$863,"S4",Planning!$J$4:$J$863,$B10) | G10: Français | H10: Français | I10: =COUNTIF(Planning!$K$4:$K$863,$G10) | K10: Bassma | L10: =COUNTIFS(Planning!$A$4:$A$863,"S5",Planning!$M$4:$M$863,$K10) | M10: =SUMIFS(Planning!$H$4:$H$863,Planning!$A$4:$A$863,"S5",Planning!$M$4:$M$863,$K10) | U10: S6 | V10: 46314 | W10: 46320 | X10: B | Y10: du 19 au 25 octobre 2026 | Z10: Octobre | AB10: Séance en ligne
A11: 7 | B11: 8éme (A) | C11: Collège | D11: =COUNTIFS(Planning!$C$4:$C$863,"A",Planning!$A$4:$A$863,"S5",Planning!$J$4:$J$863,$B11) | E11: =COUNTIFS(Planning!$C$4:$C$863,"B",Planning!$A$4:$A$863,"S4",Planning!$J$4:$J$863,$B11) | G11: Gestion | H11: Gestion | I11: =COUNTIF(Planning!$K$4:$K$863,$G11) | K11: Faouzi | L11: =COUNTIFS(Planning!$A$4:$A$863,"S5",Planning!$M$4:$M$863,$K11) | M11: =SUMIFS(Planning!$H$4:$H$863,Planning!$A$4:$A$863,"S5",Planning!$M$4:$M$863,$K11) | U11: S7 | V11: 46321 | W11: 46327 | X11: A | Y11: du 26 octobre au 1er novembre 2026 | Z11: Octobre
A12: 8 | B12: 8éme (B) | C12: Collège | D12: =COUNTIFS(Planning!$C$4:$C$863,"A",Planning!$A$4:$A$863,"S5",Planning!$J$4:$J$863,$B12) | E12: =COUNTIFS(Planning!$C$4:$C$863,"B",Planning!$A$4:$A$863,"S4",Planning!$J$4:$J$863,$B12) | G12: Géographie | H12: Géographie | I12: =COUNTIF(Planning!$K$4:$K$863,$G12) | K12: Fayssel | L12: =COUNTIFS(Planning!$A$4:$A$863,"S5",Planning!$M$4:$M$863,$K12) | M12: =SUMIFS(Planning!$H$4:$H$863,Planning!$A$4:$A$863,"S5",Planning!$M$4:$M$863,$K12)
A13: 9 | B13: 8éme (C) | C13: Collège | D13: =COUNTIFS(Planning!$C$4:$C$863,"A",Planning!$A$4:$A$863,"S5",Planning!$J$4:$J$863,$B13) | E13: =COUNTIFS(Planning!$C$4:$C$863,"B",Planning!$A$4:$A$863,"S4",Planning!$J$4:$J$863,$B13) | G13: Histoire | H13: Histoire | I13: =COUNTIF(Planning!$K$4:$K$863,$G13) | K13: Hajer | L13: =COUNTIFS(Planning!$A$4:$A$863,"S5",Planning!$M$4:$M$863,$K13) | M13: =SUMIFS(Planning!$H$4:$H$863,Planning!$A$4:$A$863,"S5",Planning!$M$4:$M$863,$K13)
A14: 10 | B14: 9éme (A) | C14: Collège | D14: =COUNTIFS(Planning!$C$4:$C$863,"A",Planning!$A$4:$A$863,"S5",Planning!$J$4:$J$863,$B14) | E14: =COUNTIFS(Planning!$C$4:$C$863,"B",Planning!$A$4:$A$863,"S4",Planning!$J$4:$J$863,$B14) | G14: Informatique | H14: Informatique | I14: =COUNTIF(Planning!$K$4:$K$863,$G14) | K14: Haythem | L14: =COUNTIFS(Planning!$A$4:$A$863,"S5",Planning!$M$4:$M$863,$K14) | M14: =SUMIFS(Planning!$H$4:$H$863,Planning!$A$4:$A$863,"S5",Planning!$M$4:$M$863,$K14)
A15: 11 | B15: 9éme (B) | C15: Collège | D15: =COUNTIFS(Planning!$C$4:$C$863,"A",Planning!$A$4:$A$863,"S5",Planning!$J$4:$J$863,$B15) | E15: =COUNTIFS(Planning!$C$4:$C$863,"B",Planning!$A$4:$A$863,"S4",Planning!$J$4:$J$863,$B15) | G15: Italien | H15: Italien | I15: =COUNTIF(Planning!$K$4:$K$863,$G15) | K15: Hend | L15: =COUNTIFS(Planning!$A$4:$A$863,"S5",Planning!$M$4:$M$863,$K15) | M15: =SUMIFS(Planning!$H$4:$H$863,Planning!$A$4:$A$863,"S5",Planning!$M$4:$M$863,$K15)
A16: 12 | B16: 9éme (C) | C16: Collège | D16: =COUNTIFS(Planning!$C$4:$C$863,"A",Planning!$A$4:$A$863,"S5",Planning!$J$4:$J$863,$B16) | E16: =COUNTIFS(Planning!$C$4:$C$863,"B",Planning!$A$4:$A$863,"S4",Planning!$J$4:$J$863,$B16) | G16: Math | H16: Math | I16: =COUNTIF(Planning!$K$4:$K$863,$G16) | K16: Heni | L16: =COUNTIFS(Planning!$A$4:$A$863,"S5",Planning!$M$4:$M$863,$K16) | M16: =SUMIFS(Planning!$H$4:$H$863,Planning!$A$4:$A$863,"S5",Planning!$M$4:$M$863,$K16)
A17: 13 | B17: 1ére (A) | C17: Secondaire | D17: =COUNTIFS(Planning!$C$4:$C$863,"A",Planning!$A$4:$A$863,"S5",Planning!$J$4:$J$863,$B17) | E17: =COUNTIFS(Planning!$C$4:$C$863,"B",Planning!$A$4:$A$863,"S4",Planning!$J$4:$J$863,$B17) | G17: Philo | H17: Philo | I17: =COUNTIF(Planning!$K$4:$K$863,$G17) | K17: Imen | L17: =COUNTIFS(Planning!$A$4:$A$863,"S5",Planning!$M$4:$M$863,$K17) | M17: =SUMIFS(Planning!$H$4:$H$863,Planning!$A$4:$A$863,"S5",Planning!$M$4:$M$863,$K17)
A18: 14 | B18: 1ére (B) | C18: Secondaire | D18: =COUNTIFS(Planning!$C$4:$C$863,"A",Planning!$A$4:$A$863,"S5",Planning!$J$4:$J$863,$B18) | E18: =COUNTIFS(Planning!$C$4:$C$863,"B",Planning!$A$4:$A$863,"S4",Planning!$J$4:$J$863,$B18) | G18: Physique | H18: Physique | I18: =COUNTIF(Planning!$K$4:$K$863,$G18) | K18: Imen Ben Lazrak | L18: =COUNTIFS(Planning!$A$4:$A$863,"S5",Planning!$M$4:$M$863,$K18) | M18: =SUMIFS(Planning!$H$4:$H$863,Planning!$A$4:$A$863,"S5",Planning!$M$4:$M$863,$K18)
A19: 15 | B19: 2éme Eco | C19: Secondaire | D19: =COUNTIFS(Planning!$C$4:$C$863,"A",Planning!$A$4:$A$863,"S5",Planning!$J$4:$J$863,$B19) | E19: =COUNTIFS(Planning!$C$4:$C$863,"B",Planning!$A$4:$A$863,"S4",Planning!$J$4:$J$863,$B19) | G19: STI | H19: STI | I19: =COUNTIF(Planning!$K$4:$K$863,$G19) | K19: Imen Bennour | L19: =COUNTIFS(Planning!$A$4:$A$863,"S5",Planning!$M$4:$M$863,$K19) | M19: =SUMIFS(Planning!$H$4:$H$863,Planning!$A$4:$A$863,"S5",Planning!$M$4:$M$863,$K19)
A20: 16 | B20: 2éme SCE | C20: Secondaire | D20: =COUNTIFS(Planning!$C$4:$C$863,"A",Planning!$A$4:$A$863,"S5",Planning!$J$4:$J$863,$B20) | E20: =COUNTIFS(Planning!$C$4:$C$863,"B",Planning!$A$4:$A$863,"S4",Planning!$J$4:$J$863,$B20) | G20: SVT | H20: SVT | I20: =COUNTIF(Planning!$K$4:$K$863,$G20) | K20: Imen Ghoumem | L20: =COUNTIFS(Planning!$A$4:$A$863,"S5",Planning!$M$4:$M$863,$K20) | M20: =SUMIFS(Planning!$H$4:$H$863,Planning!$A$4:$A$863,"S5",Planning!$M$4:$M$863,$K20)
A21: 17 | B21: 2éme INFO | C21: Secondaire | D21: =COUNTIFS(Planning!$C$4:$C$863,"A",Planning!$A$4:$A$863,"S5",Planning!$J$4:$J$863,$B21) | E21: =COUNTIFS(Planning!$C$4:$C$863,"B",Planning!$A$4:$A$863,"S4",Planning!$J$4:$J$863,$B21) | G21: إيقاظ علمي | H21: Éveil scientifique | I21: =COUNTIF(Planning!$K$4:$K$863,$G21) | K21: Imen Ghoumeme | L21: =COUNTIFS(Planning!$A$4:$A$863,"S5",Planning!$M$4:$M$863,$K21) | M21: =SUMIFS(Planning!$H$4:$H$863,Planning!$A$4:$A$863,"S5",Planning!$M$4:$M$863,$K21)
A22: 18 | B22: 3éme Eco | C22: Secondaire | D22: =COUNTIFS(Planning!$C$4:$C$863,"A",Planning!$A$4:$A$863,"S5",Planning!$J$4:$J$863,$B22) | E22: =COUNTIFS(Planning!$C$4:$C$863,"B",Planning!$A$4:$A$863,"S4",Planning!$J$4:$J$863,$B22) | G22: رياضيات | H22: Math | I22: =COUNTIF(Planning!$K$4:$K$863,$G22) | K22: Imen Jribi | L22: =COUNTIFS(Planning!$A$4:$A$863,"S5",Planning!$M$4:$M$863,$K22) | M22: =SUMIFS(Planning!$H$4:$H$863,Planning!$A$4:$A$863,"S5",Planning!$M$4:$M$863,$K22)
A23: 19 | B23: 3éme INFO | C23: Secondaire | D23: =COUNTIFS(Planning!$C$4:$C$863,"A",Planning!$A$4:$A$863,"S5",Planning!$J$4:$J$863,$B23) | E23: =COUNTIFS(Planning!$C$4:$C$863,"B",Planning!$A$4:$A$863,"S4",Planning!$J$4:$J$863,$B23) | G23: عربية | H23: Arabe | I23: =COUNTIF(Planning!$K$4:$K$863,$G23) | K23: Khaled | L23: =COUNTIFS(Planning!$A$4:$A$863,"S5",Planning!$M$4:$M$863,$K23) | M23: =SUMIFS(Planning!$H$4:$H$863,Planning!$A$4:$A$863,"S5",Planning!$M$4:$M$863,$K23)
A24: 20 | B24: 3éme SCE | C24: Secondaire | D24: =COUNTIFS(Planning!$C$4:$C$863,"A",Planning!$A$4:$A$863,"S5",Planning!$J$4:$J$863,$B24) | E24: =COUNTIFS(Planning!$C$4:$C$863,"B",Planning!$A$4:$A$863,"S4",Planning!$J$4:$J$863,$B24) | G24: فيزياء | H24: Physique | I24: =COUNTIF(Planning!$K$4:$K$863,$G24) | K24: Khouloud | L24: =COUNTIFS(Planning!$A$4:$A$863,"S5",Planning!$M$4:$M$863,$K24) | M24: =SUMIFS(Planning!$H$4:$H$863,Planning!$A$4:$A$863,"S5",Planning!$M$4:$M$863,$K24)
A25: 21 | B25: Bac Eco | C25: Bac | D25: =COUNTIFS(Planning!$C$4:$C$863,"A",Planning!$A$4:$A$863,"S5",Planning!$J$4:$J$863,$B25) | E25: =COUNTIFS(Planning!$C$4:$C$863,"B",Planning!$A$4:$A$863,"S4",Planning!$J$4:$J$863,$B25) | K25: Lobna | L25: =COUNTIFS(Planning!$A$4:$A$863,"S5",Planning!$M$4:$M$863,$K25) | M25: =SUMIFS(Planning!$H$4:$H$863,Planning!$A$4:$A$863,"S5",Planning!$M$4:$M$863,$K25)
A26: 22 | B26: Bac SCE | C26: Bac | D26: =COUNTIFS(Planning!$C$4:$C$863,"A",Planning!$A$4:$A$863,"S5",Planning!$J$4:$J$863,$B26) | E26: =COUNTIFS(Planning!$C$4:$C$863,"B",Planning!$A$4:$A$863,"S4",Planning!$J$4:$J$863,$B26) | K26: Lotfi | L26: =COUNTIFS(Planning!$A$4:$A$863,"S5",Planning!$M$4:$M$863,$K26) | M26: =SUMIFS(Planning!$H$4:$H$863,Planning!$A$4:$A$863,"S5",Planning!$M$4:$M$863,$K26)
A27: 23 | B27: Bac INFO | C27: Bac | D27: =COUNTIFS(Planning!$C$4:$C$863,"A",Planning!$A$4:$A$863,"S5",Planning!$J$4:$J$863,$B27) | E27: =COUNTIFS(Planning!$C$4:$C$863,"B",Planning!$A$4:$A$863,"S4",Planning!$J$4:$J$863,$B27) | K27: Marwa | L27: =COUNTIFS(Planning!$A$4:$A$863,"S5",Planning!$M$4:$M$863,$K27) | M27: =SUMIFS(Planning!$H$4:$H$863,Planning!$A$4:$A$863,"S5",Planning!$M$4:$M$863,$K27)
K28: Melek | L28: =COUNTIFS(Planning!$A$4:$A$863,"S5",Planning!$M$4:$M$863,$K28) | M28: =SUMIFS(Planning!$H$4:$H$863,Planning!$A$4:$A$863,"S5",Planning!$M$4:$M$863,$K28)
K29: Nabil | L29: =COUNTIFS(Planning!$A$4:$A$863,"S5",Planning!$M$4:$M$863,$K29) | M29: =SUMIFS(Planning!$H$4:$H$863,Planning!$A$4:$A$863,"S5",Planning!$M$4:$M$863,$K29)
K30: Najet | L30: =COUNTIFS(Planning!$A$4:$A$863,"S5",Planning!$M$4:$M$863,$K30) | M30: =SUMIFS(Planning!$H$4:$H$863,Planning!$A$4:$A$863,"S5",Planning!$M$4:$M$863,$K30)
K31: Nassima | L31: =COUNTIFS(Planning!$A$4:$A$863,"S5",Planning!$M$4:$M$863,$K31) | M31: =SUMIFS(Planning!$H$4:$H$863,Planning!$A$4:$A$863,"S5",Planning!$M$4:$M$863,$K31)
K32: Noura | L32: =COUNTIFS(Planning!$A$4:$A$863,"S5",Planning!$M$4:$M$863,$K32) | M32: =SUMIFS(Planning!$H$4:$H$863,Planning!$A$4:$A$863,"S5",Planning!$M$4:$M$863,$K32)
K33: Refka | L33: =COUNTIFS(Planning!$A$4:$A$863,"S5",Planning!$M$4:$M$863,$K33) | M33: =SUMIFS(Planning!$H$4:$H$863,Planning!$A$4:$A$863,"S5",Planning!$M$4:$M$863,$K33)
K34: Rym | L34: =COUNTIFS(Planning!$A$4:$A$863,"S5",Planning!$M$4:$M$863,$K34) | M34: =SUMIFS(Planning!$H$4:$H$863,Planning!$A$4:$A$863,"S5",Planning!$M$4:$M$863,$K34)
K35: Saber | L35: =COUNTIFS(Planning!$A$4:$A$863,"S5",Planning!$M$4:$M$863,$K35) | M35: =SUMIFS(Planning!$H$4:$H$863,Planning!$A$4:$A$863,"S5",Planning!$M$4:$M$863,$K35)
K36: Sabrine | L36: =COUNTIFS(Planning!$A$4:$A$863,"S5",Planning!$M$4:$M$863,$K36) | M36: =SUMIFS(Planning!$H$4:$H$863,Planning!$A$4:$A$863,"S5",Planning!$M$4:$M$863,$K36)
K37: Samar | L37: =COUNTIFS(Planning!$A$4:$A$863,"S5",Planning!$M$4:$M$863,$K37) | M37: =SUMIFS(Planning!$H$4:$H$863,Planning!$A$4:$A$863,"S5",Planning!$M$4:$M$863,$K37)
K38: Samia | L38: =COUNTIFS(Planning!$A$4:$A$863,"S5",Planning!$M$4:$M$863,$K38) | M38: =SUMIFS(Planning!$H$4:$H$863,Planning!$A$4:$A$863,"S5",Planning!$M$4:$M$863,$K38)
K39: Sondes | L39: =COUNTIFS(Planning!$A$4:$A$863,"S5",Planning!$M$4:$M$863,$K39) | M39: =SUMIFS(Planning!$H$4:$H$863,Planning!$A$4:$A$863,"S5",Planning!$M$4:$M$863,$K39)
... K41: Yassine | L41: =COUNTIFS(Planning!$A$4:$A$863,"S5",Planning!$M$4:$M$863,$K41) | M41: =SUMIFS(Planning!$H$4:$H$863,Planning!$A$4:$A$863,"S5",Planning!$M$4:$M$863,$K41)

Sheet S1 14-20 sept
A1: S1 · DU 14 AU 20 SEPTEMBRE 2026 | SEMAINE A
A2: Une case = une séance : horaire / matière / enseignant. Chaque matière a sa couleur. Une case fusionnée sur plusieurs classes = séance commune à ces groupes. Q-A ou Q-B = une semaine sur deux. OPT = cours au choix. Les couleurs sont modifiables à la main ; seul un statut ⚑ les remplace.
A3: Classe / Groupe | B3: Lundi 14/09 | C3: Mardi 15/09 | D3: Mercredi 16/09 | E3: Jeudi 17/09 | F3: Vendredi 18/09 | G3: Samedi 19/09 | H3: Dimanche 20/09
A5: CYCLE PRIMAIRE (4 classes)
A6: 4éme | B6: =IFERROR(VLOOKUP("S1-001",Planning!$T:$AE,12,0),"") | D6: =IFERROR(VLOOKUP("S1-021",Planning!$T:$AE,12,0),"") | F6: =IFERROR(VLOOKUP("S1-046",Planning!$T:$AE,12,0),"") | G6: =IFERROR(VLOOKUP("S1-058",Planning!$T:$AE,12,0),"") | H6: =IFERROR(VLOOKUP("S1-077",Planning!$T:$AE,12,0),"")
A7: 5éme | C7: =IFERROR(VLOOKUP("S1-010",Planning!$T:$AE,12,0),"") | E7: =IFERROR(VLOOKUP("S1-034",Planning!$T:$AE,12,0),"") | G7: =IFERROR(VLOOKUP("S1-059",Planning!$T:$AE,12,0),"")
A8: 6éme Pilote (A) | B8: =IFERROR(VLOOKUP("S1-002",Planning!$T:$AE,12,0),"") | D8: =IFERROR(VLOOKUP("S1-022",Planning!$T:$AE,12,0),"") | F8: =IFERROR(VLOOKUP("S1-047",Planning!$T:$AE,12,0),"") | G8: =IFERROR(VLOOKUP("S1-060",Planning!$T:$AE,12,0),"") | H8: =IFERROR(VLOOKUP("S1-078",Planning!$T:$AE,12,0),"")
A9: 6éme (B) | C9: =IFERROR(VLOOKUP("S1-011",Planning!$T:$AE,12,0),"") | E9: =IFERROR(VLOOKUP("S1-035",Planning!$T:$AE,12,0),"") | G9: =IFERROR(VLOOKUP("S1-061",Planning!$T:$AE,12,0),"")
A10: CYCLE COLLÈGE (8 classes)
A11: 7éme (A) | C11: =IFERROR(VLOOKUP("S1-012",Planning!$T:$AE,12,0),"") | D11: =IFERROR(VLOOKUP("S1-023",Planning!$T:$AE,12,0),"") | F11: =IFERROR(VLOOKUP("S1-048",Planning!$T:$AE,12,0),"") | G11: =IFERROR(VLOOKUP("S1-062",Planning!$T:$AE,12,0),"") | H11: =IFERROR(VLOOKUP("S1-079",Planning!$T:$AE,12,0),"")
G12: =IFERROR(VLOOKUP("S1-063",Planning!$T:$AE,12,0),"")
A13: 7éme (B) | B13: =IFERROR(VLOOKUP("S1-003",Planning!$T:$AE,12,0),"") | F13: =IFERROR(VLOOKUP("S1-049",Planning!$T:$AE,12,0),"") | H13: =IFERROR(VLOOKUP("S1-080",Planning!$T:$AE,12,0),"")
A14: 8éme (A) | D14: =IFERROR(VLOOKUP("S1-024",Planning!$T:$AE,12,0),"") | E14: =IFERROR(VLOOKUP("S1-036",Planning!$T:$AE,12,0),"") | F14: =IFERROR(VLOOKUP("S1-050",Planning!$T:$AE,12,0),"") | G14: =IFERROR(VLOOKUP("S1-064",Planning!$T:$AE,12,0),"") | H14: =IFERROR(VLOOKUP("S1-081",Planning!$T:$AE,12,0),"")
A15: 8éme (B) | C15: =IFERROR(VLOOKUP("S1-013",Planning!$T:$AE,12,0),"") | D15: =IFERROR(VLOOKUP("S1-025",Planning!$T:$AE,12,0),"") | G15: =IFERROR(VLOOKUP("S1-065",Planning!$T:$AE,12,0),"") | H15: =IFERROR(VLOOKUP("S1-082",Planning!$T:$AE,12,0),"")
A16: 8éme (C) | D16: =IFERROR(VLOOKUP("S1-026",Planning!$T:$AE,12,0),"") | E16: =IFERROR(VLOOKUP("S1-037",Planning!$T:$AE,12,0),"")
A17: 9éme (A) | B17: =IFERROR(VLOOKUP("S1-004",Planning!$T:$AE,12,0),"") | C17: =IFERROR(VLOOKUP("S1-014",Planning!$T:$AE,12,0),"") | E17: =IFERROR(VLOOKUP("S1-038",Planning!$T:$AE,12,0),"") | G17: =IFERROR(VLOOKUP("S1-066",Planning!$T:$AE,12,0),"") | H17: =IFERROR(VLOOKUP("S1-083",Planning!$T:$AE,12,0),"")
H18: =IFERROR(VLOOKUP("S1-084",Planning!$T:$AE,12,0),"")
A19: 9éme (B) | C19: =IFERROR(VLOOKUP("S1-015",Planning!$T:$AE,12,0),"") | D19: =IFERROR(VLOOKUP("S1-027",Planning!$T:$AE,12,0),"") | G19: =IFERROR(VLOOKUP("S1-067",Planning!$T:$AE,12,0),"") | H19: =IFERROR(VLOOKUP("S1-085",Planning!$T:$AE,12,0),"")
H20: =IFERROR(VLOOKUP("S1-086",Planning!$T:$AE,12,0),"")
A21: 9éme (C) | D21: =IFERROR(VLOOKUP("S1-028",Planning!$T:$AE,12,0),"") | E21: =IFERROR(VLOOKUP("S1-039",Planning!$T:$AE,12,0),"") | F21: =IFERROR(VLOOKUP("S1-051",Planning!$T:$AE,12,0),"") | G21: =IFERROR(VLOOKUP("S1-068",Planning!$T:$AE,12,0),"")
A22: CYCLE SECONDAIRE (8 classes)
A23: 1ére (A) | B23: =IFERROR(VLOOKUP("S1-005",Planning!$T:$AE,12,0),"") | C23: =IFERROR(VLOOKUP("S1-016",Planning!$T:$AE,12,0),"") | E23: =IFERROR(VLOOKUP("S1-040",Planning!$T:$AE,12,0),"") | F23: =IFERROR(VLOOKUP("S1-052",Planning!$T:$AE,12,0),"") | H23: =IFERROR(VLOOKUP("S1-087",Planning!$T:$AE,12,0),"")
H24: =IFERROR(VLOOKUP("S1-088",Planning!$T:$AE,12,0),"")
A25: 1ére (B) | C25: =IFERROR(VLOOKUP("S1-017",Planning!$T:$AE,12,0),"") | D25: =IFERROR(VLOOKUP("S1-029",Planning!$T:$AE,12,0),"") | F25: =IFERROR(VLOOKUP("S1-053",Planning!$T:$AE,12,0),"") | H25: =IFERROR(VLOOKUP("S1-089",Planning!$T:$AE,12,0),"")
A26: 2éme Eco | C26: =IFERROR(VLOOKUP("S1-018",Planning!$T:$AE,12,0),"") | D26: =IFERROR(VLOOKUP("S1-030",Planning!$T:$AE,12,0),"") | E26: =IFERROR(VLOOKUP("S1-041",Planning!$T:$AE,12,0),"") | F26: =IFERROR(VLOOKUP("S1-054",Planning!$T:$AE,12,0),"") | G26: =IFERROR(VLOOKUP("S1-069",Planning!$T:$AE,12,0),"") | H26: =IFERROR(VLOOKUP("S1-090",Planning!$T:$AE,12,0),"")
A27: 2éme SCE | E27: =IFERROR(VLOOKUP("S1-042",Planning!$T:$AE,12,0),"") | G27: =IFERROR(VLOOKUP("S1-070",Planning!$T:$AE,12,0),"") | H27: =IFERROR(VLOOKUP("S1-091",Planning!$T:$AE,12,0),"")
A28: 2éme INFO | B28: =IFERROR(VLOOKUP("S1-006",Planning!$T:$AE,12,0),"") | E28: =IFERROR(VLOOKUP("S1-043",Planning!$T:$AE,12,0),"")
F29: =IFERROR(VLOOKUP("S1-055",Planning!$T:$AE,12,0),"")
A30: 3éme Eco | D30: =IFERROR(VLOOKUP("S1-031",Planning!$T:$AE,12,0),"") | E30: =IFERROR(VLOOKUP("S1-044",Planning!$T:$AE,12,0),"") | F30: =IFERROR(VLOOKUP("S1-056",Planning!$T:$AE,12,0),"") | G30: =IFERROR(VLOOKUP("S1-071",Planning!$T:$AE,12,0),"") | H30: =IFERROR(VLOOKUP("S1-092",Planning!$T:$AE,12,0),"")
H31: =IFERROR(VLOOKUP("S1-093",Planning!$T:$AE,12,0),"")
A32: 3éme INFO | D32: =IFERROR(VLOOKUP("S1-032",Planning!$T:$AE,12,0),"") | G32: =IFERROR(VLOOKUP("S1-072",Planning!$T:$AE,12,0),"") | H32: =IFERROR(VLOOKUP("S1-094",Planning!$T:$AE,12,0),"")
A33: 3éme SCE | G33: =IFERROR(VLOOKUP("S1-073",Planning!$T:$AE,12,0),"") | H33: =IFERROR(VLOOKUP("S1-096",Planning!$T:$AE,12,0),"")
H34: =IFERROR(VLOOKUP("S1-095",Planning!$T:$AE,12,0),"")
A35: CYCLE BAC (3 classes)
A36: Bac Eco | B36: =IFERROR(VLOOKUP("S1-007",Planning!$T:$AE,12,0),"") | C36: =IFERROR(VLOOKUP("S1-019",Planning!$T:$AE,12,0),"") | E36: =IFERROR(VLOOKUP("S1-045",Planning!$T:$AE,12,0),"") | F36: =IFERROR(VLOOKUP("S1-057",Planning!$T:$AE,12,0),"") | G36: =IFERROR(VLOOKUP("S1-074",Planning!$T:$AE,12,0),"") | H36: =IFERROR(VLOOKUP("S1-098",Planning!$T:$AE,12,0),"")
H37: =IFERROR(VLOOKUP("S1-097",Planning!$T:$AE,12,0),"")
A38: Bac SCE | B38: =IFERROR(VLOOKUP("S1-008",Planning!$T:$AE,12,0),"") | D38: =IFERROR(VLOOKUP("S1-033",Planning!$T:$AE,12,0),"") | G38: =IFERROR(VLOOKUP("S1-075",Planning!$T:$AE,12,0),"")
C39: =IFERROR(VLOOKUP("S1-020",Planning!$T:$AE,12,0),"")
A40: Bac INFO | B40: =IFERROR(VLOOKUP("S1-009",Planning!$T:$AE,12,0),"") | G40: =IFERROR(VLOOKUP("S1-076",Planning!$T:$AE,12,0),"") | H40: =IFERROR(VLOOKUP("S1-099",Planning!$T:$AE,12,0),"")
H41: =IFERROR(VLOOKUP("S1-100",Planning!$T:$AE,12,0),"")

Sheet S2 21-27 sept
A1: S2 · DU 21 AU 27 SEPTEMBRE 2026 | SEMAINE B
A2: Une case = une séance : horaire / matière / enseignant. Chaque matière a sa couleur. Une case fusionnée sur plusieurs classes = séance commune à ces groupes. Q-A ou Q-B = une semaine sur deux. OPT = cours au choix. Les couleurs sont modifiables à la main ; seul un statut ⚑ les remplace.
A3: Classe / Groupe | B3: Lundi 21/09 | C3: Mardi 22/09 | D3: Mercredi 23/09 | E3: Jeudi 24/09 | F3: Vendredi 25/09 | G3: Samedi 26/09 | H3: Dimanche 27/09
A5: CYCLE PRIMAIRE (4 classes)
A6: 4éme | B6: =IFERROR(VLOOKUP("S2-001",Planning!$T:$AE,12,0),"") | D6: =IFERROR(VLOOKUP("S2-021",Planning!$T:$AE,12,0),"") | G6: =IFERROR(VLOOKUP("S2-058",Planning!$T:$AE,12,0),"")
A7: 5éme | C7: =IFERROR(VLOOKUP("S2-010",Planning!$T:$AE,12,0),"") | E7: =IFERROR(VLOOKUP("S2-035",Planning!$T:$AE,12,0),"") | F7: =IFERROR(VLOOKUP("S2-047",Planning!$T:$AE,12,0),"") | G7: =IFERROR(VLOOKUP("S2-059",Planning!$T:$AE,12,0),"") | H7: =IFERROR(VLOOKUP("S2-077",Planning!$T:$AE,12,0),"")
A8: 6éme Pilote (A) | B8: =IFERROR(VLOOKUP("S2-002",Planning!$T:$AE,12,0),"") | D8: =IFERROR(VLOOKUP("S2-022",Planning!$T:$AE,12,0),"") | F8: =IFERROR(VLOOKUP("S2-048",Planning!$T:$AE,12,0),"") | G8: =IFERROR(VLOOKUP("S2-060",Planning!$T:$AE,12,0),"") | H8: =IFERROR(VLOOKUP("S2-078",Planning!$T:$AE,12,0),"")
A9: 6éme (B) | C9: =IFERROR(VLOOKUP("S2-011",Planning!$T:$AE,12,0),"") | E9: =IFERROR(VLOOKUP("S2-036",Planning!$T:$AE,12,0),"") | G9: =IFERROR(VLOOKUP("S2-061",Planning!$T:$AE,12,0),"")
A10: CYCLE COLLÈGE (8 classes)
A11: 7éme (A) | D11: =IFERROR(VLOOKUP("S2-023",Planning!$T:$AE,12,0),"") | F11: =IFERROR(VLOOKUP("S2-049",Planning!$T:$AE,12,0),"") | G11: =IFERROR(VLOOKUP("S2-062",Planning!$T:$AE,12,0),"") | H11: =IFERROR(VLOOKUP("S2-079",Planning!$T:$AE,12,0),"")
A12: 7éme (B) | B12: =IFERROR(VLOOKUP("S2-003",Planning!$T:$AE,12,0),"") | C12: =IFERROR(VLOOKUP("S2-012",Planning!$T:$AE,12,0),"") | F12: =IFERROR(VLOOKUP("S2-050",Planning!$T:$AE,12,0),"") | G12: =IFERROR(VLOOKUP("S2-063",Planning!$T:$AE,12,0),"") | H12: =IFERROR(VLOOKUP("S2-080",Planning!$T:$AE,12,0),"")
A13: 8éme (A) | D13: =IFERROR(VLOOKUP("S2-024",Planning!$T:$AE,12,0),"") | E13: =IFERROR(VLOOKUP("S2-037",Planning!$T:$AE,12,0),"") | F13: =IFERROR(VLOOKUP("S2-051",Planning!$T:$AE,12,0),"") | G13: =IFERROR(VLOOKUP("S2-064",Planning!$T:$AE,12,0),"") | H13: =IFERROR(VLOOKUP("S2-081",Planning!$T:$AE,12,0),"")
A14: 8éme (B) | C14: =IFERROR(VLOOKUP("S2-013",Planning!$T:$AE,12,0),"") | D14: =IFERROR(VLOOKUP("S2-025",Planning!$T:$AE,12,0),"") | G14: =IFERROR(VLOOKUP("S2-065",Planning!$T:$AE,12,0),"") | H14: =IFERROR(VLOOKUP("S2-082",Planning!$T:$AE,12,0),"")
A15: 8éme (C) | D15: =IFERROR(VLOOKUP("S2-026",Planning!$T:$AE,12,0),"") | E15: =IFERROR(VLOOKUP("S2-038",Planning!$T:$AE,12,0),"")
A16: 9éme (A) | B16: =IFERROR(VLOOKUP("S2-004",Planning!$T:$AE,12,0),"") | C16: =IFERROR(VLOOKUP("S2-014",Planning!$T:$AE,12,0),"") | E16: =IFERROR(VLOOKUP("S2-039",Planning!$T:$AE,12,0),"") | G16: =IFERROR(VLOOKUP("S2-066",Planning!$T:$AE,12,0),"") | H16: =IFERROR(VLOOKUP("S2-083",Planning!$T:$AE,12,0),"")
H17: =IFERROR(VLOOKUP("S2-084",Planning!$T:$AE,12,0),"")
A18: 9éme (B) | C18: =IFERROR(VLOOKUP("S2-015",Planning!$T:$AE,12,0),"") | D18: =IFERROR(VLOOKUP("S2-027",Planning!$T:$AE,12,0),"") | G18: =IFERROR(VLOOKUP("S2-067",Planning!$T:$AE,12,0),"") | H18: =IFERROR(VLOOKUP("S2-085",Planning!$T:$AE,12,0),"")
H19: =IFERROR(VLOOKUP("S2-086",Planning!$T:$AE,12,0),"")
A20: 9éme (C) | D20: =IFERROR(VLOOKUP("S2-028",Planning!$T:$AE,12,0),"") | E20: =IFERROR(VLOOKUP("S2-040",Planning!$T:$AE,12,0),"") | F20: =IFERROR(VLOOKUP("S2-052",Planning!$T:$AE,12,0),"") | G20: =IFERROR(VLOOKUP("S2-068",Planning!$T:$AE,12,0),"")
A21: CYCLE SECONDAIRE (8 classes)
A22: 1ére (A) | B22: =IFERROR(VLOOKUP("S2-005",Planning!$T:$AE,12,0),"") | C22: =IFERROR(VLOOKUP("S2-016",Planning!$T:$AE,12,0),"") | F22: =IFERROR(VLOOKUP("S2-053",Planning!$T:$AE,12,0),"") | H22: =IFERROR(VLOOKUP("S2-087",Planning!$T:$AE,12,0),"")
A23: 1ére (B) | C23: =IFERROR(VLOOKUP("S2-017",Planning!$T:$AE,12,0),"") | D23: =IFERROR(VLOOKUP("S2-029",Planning!$T:$AE,12,0),"") | E23: =IFERROR(VLOOKUP("S2-041",Planning!$T:$AE,12,0),"") | F23: =IFERROR(VLOOKUP("S2-054",Planning!$T:$AE,12,0),"") | H23: =IFERROR(VLOOKUP("S2-088",Planning!$T:$AE,12,0),"")
H24: =IFERROR(VLOOKUP("S2-089",Planning!$T:$AE,12,0),"")
A25: 2éme Eco | C25: =IFERROR(VLOOKUP("S2-018",Planning!$T:$AE,12,0),"") | D25: =IFERROR(VLOOKUP("S2-030",Planning!$T:$AE,12,0),"") | E25: =IFERROR(VLOOKUP("S2-042",Planning!$T:$AE,12,0),"") | G25: =IFERROR(VLOOKUP("S2-069",Planning!$T:$AE,12,0),"") | H25: =IFERROR(VLOOKUP("S2-090",Planning!$T:$AE,12,0),"")
A26: 2éme SCE | E26: =IFERROR(VLOOKUP("S2-043",Planning!$T:$AE,12,0),"") | G26: =IFERROR(VLOOKUP("S2-070",Planning!$T:$AE,12,0),"") | H26: =IFERROR(VLOOKUP("S2-091",Planning!$T:$AE,12,0),"")
A27: 2éme INFO | B27: =IFERROR(VLOOKUP("S2-006",Planning!$T:$AE,12,0),"") | E27: =IFERROR(VLOOKUP("S2-044",Planning!$T:$AE,12,0),"") | F27: =IFERROR(VLOOKUP("S2-055",Planning!$T:$AE,12,0),"")
A28: 3éme Eco | C28: =IFERROR(VLOOKUP("S2-019",Planning!$T:$AE,12,0),"") | D28: =IFERROR(VLOOKUP("S2-031",Planning!$T:$AE,12,0),"") | E28: =IFERROR(VLOOKUP("S2-045",Planning!$T:$AE,12,0),"") | F28: =IFERROR(VLOOKUP("S2-056",Planning!$T:$AE,12,0),"") | G28: =IFERROR(VLOOKUP("S2-071",Planning!$T:$AE,12,0),"") | H28: =IFERROR(VLOOKUP("S2-093",Planning!$T:$AE,12,0),"")
H29: =IFERROR(VLOOKUP("S2-092",Planning!$T:$AE,12,0),"")
A30: 3éme INFO | D30: =IFERROR(VLOOKUP("S2-032",Planning!$T:$AE,12,0),"") | G30: =IFERROR(VLOOKUP("S2-072",Planning!$T:$AE,12,0),"") | H30: =IFERROR(VLOOKUP("S2-095",Planning!$T:$AE,12,0),"")
C31: =IFERROR(VLOOKUP("S2-020",Planning!$T:$AE,12,0),"") | H31: =IFERROR(VLOOKUP("S2-094",Planning!$T:$AE,12,0),"")
A32: 3éme SCE | G32: =IFERROR(VLOOKUP("S2-073",Planning!$T:$AE,12,0),"") | H32: =IFERROR(VLOOKUP("S2-097",Planning!$T:$AE,12,0),"")
H33: =IFERROR(VLOOKUP("S2-096",Planning!$T:$AE,12,0),"")
A34: CYCLE BAC (3 classes)
A35: Bac Eco | B35: =IFERROR(VLOOKUP("S2-007",Planning!$T:$AE,12,0),"") | E35: =IFERROR(VLOOKUP("S2-046",Planning!$T:$AE,12,0),"") | F35: =IFERROR(VLOOKUP("S2-057",Planning!$T:$AE,12,0),"") | G35: =IFERROR(VLOOKUP("S2-074",Planning!$T:$AE,12,0),"") | H35: =IFERROR(VLOOKUP("S2-098",Planning!$T:$AE,12,0),"")
H36: =IFERROR(VLOOKUP("S2-099",Planning!$T:$AE,12,0),"")
A37: Bac SCE | B37: =IFERROR(VLOOKUP("S2-008",Planning!$T:$AE,12,0),"") | D37: =IFERROR(VLOOKUP("S2-033",Planning!$T:$AE,12,0),"") | G37: =IFERROR(VLOOKUP("S2-075",Planning!$T:$AE,12,0),"")
A38: Bac INFO | B38: =IFERROR(VLOOKUP("S2-009",Planning!$T:$AE,12,0),"") | D38: =IFERROR(VLOOKUP("S2-034",Planning!$T:$AE,12,0),"") | G38: =IFERROR(VLOOKUP("S2-076",Planning!$T:$AE,12,0),"") | H38: =IFERROR(VLOOKUP("S2-100",Planning!$T:$AE,12,0),"")

Sheet S3 28 sept-04 oct
A1: S3 · DU 28 SEPTEMBRE AU 4 OCTOBRE 2026 | SEMAINE A — SEMAINE DE RÉFÉRENCE
A2: Une case = une séance : horaire / matière / enseignant. Chaque matière a sa couleur. Une case fusionnée sur plusieurs classes = séance commune à ces groupes. Q-A ou Q-B = une semaine sur deux. OPT = cours au choix. Les couleurs sont modifiables à la main ; seul un statut ⚑ les remplace.
A3: Classe / Groupe | B3: Lundi 28/09 | C3: Mardi 29/09 | D3: Mercredi 30/09 | E3: Jeudi 01/10 | F3: Vendredi 02/10 | G3: Samedi 03/10 | H3: Dimanche 04/10
A5: CYCLE PRIMAIRE (4 classes)
A6: 4éme | B6: =IFERROR(VLOOKUP("S3-001",Planning!$T:$AE,12,0),"") | D6: =IFERROR(VLOOKUP("S3-022",Planning!$T:$AE,12,0),"") | F6: =IFERROR(VLOOKUP("S3-048",Planning!$T:$AE,12,0),"") | G6: =IFERROR(VLOOKUP("S3-060",Planning!$T:$AE,12,0),"") | H6: =IFERROR(VLOOKUP("S3-080",Planning!$T:$AE,12,0),"")
A7: 5éme | C7: =IFERROR(VLOOKUP("S3-011",Planning!$T:$AE,12,0),"") | E7: =IFERROR(VLOOKUP("S3-036",Planning!$T:$AE,12,0),"") | G7: =IFERROR(VLOOKUP("S3-061",Planning!$T:$AE,12,0),"")
A8: 6éme Pilote (A) | B8: =IFERROR(VLOOKUP("S3-002",Planning!$T:$AE,12,0),"") | D8: =IFERROR(VLOOKUP("S3-023",Planning!$T:$AE,12,0),"") | F8: =IFERROR(VLOOKUP("S3-049",Planning!$T:$AE,12,0),"") | G8: =IFERROR(VLOOKUP("S3-062",Planning!$T:$AE,12,0),"") | H8: =IFERROR(VLOOKUP("S3-081",Planning!$T:$AE,12,0),"")
A9: 6éme (B) | C9: =IFERROR(VLOOKUP("S3-012",Planning!$T:$AE,12,0),"") | E9: =IFERROR(VLOOKUP("S3-037",Planning!$T:$AE,12,0),"") | G9: =IFERROR(VLOOKUP("S3-063",Planning!$T:$AE,12,0),"")
A10: CYCLE COLLÈGE (8 classes)
A11: 7éme (A) | C11: =IFERROR(VLOOKUP("S3-013",Planning!$T:$AE,12,0),"") | D11: =IFERROR(VLOOKUP("S3-024",Planning!$T:$AE,12,0),"") | F11: =IFERROR(VLOOKUP("S3-050",Planning!$T:$AE,12,0),"") | G11: =IFERROR(VLOOKUP("S3-064",Planning!$T:$AE,12,0),"") | H11: =IFERROR(VLOOKUP("S3-082",Planning!$T:$AE,12,0),"")
G12: =IFERROR(VLOOKUP("S3-065",Planning!$T:$AE,12,0),"")
A13: 7éme (B) | B13: =IFERROR(VLOOKUP("S3-003",Planning!$T:$AE,12,0),"") | F13: =IFERROR(VLOOKUP("S3-051",Planning!$T:$AE,12,0),"") | H13: =IFERROR(VLOOKUP("S3-083",Planning!$T:$AE,12,0),"")
A14: 8éme (A) | D14: =IFERROR(VLOOKUP("S3-025",Planning!$T:$AE,12,0),"") | E14: =IFERROR(VLOOKUP("S3-038",Planning!$T:$AE,12,0),"") | F14: =IFERROR(VLOOKUP("S3-052",Planning!$T:$AE,12,0),"") | G14: =IFERROR(VLOOKUP("S3-066",Planning!$T:$AE,12,0),"") | H14: =IFERROR(VLOOKUP("S3-084",Planning!$T:$AE,12,0),"")
A15: 8éme (B) | C15: =IFERROR(VLOOKUP("S3-014",Planning!$T:$AE,12,0),"") | D15: =IFERROR(VLOOKUP("S3-026",Planning!$T:$AE,12,0),"") | G15: =IFERROR(VLOOKUP("S3-067",Planning!$T:$AE,12,0),"") | H15: =IFERROR(VLOOKUP("S3-085",Planning!$T:$AE,12,0),"")
A16: 8éme (C) | D16: =IFERROR(VLOOKUP("S3-027",Planning!$T:$AE,12,0),"") | E16: =IFERROR(VLOOKUP("S3-039",Planning!$T:$AE,12,0),"")
A17: 9éme (A) | B17: =IFERROR(VLOOKUP("S3-004",Planning!$T:$AE,12,0),"") | C17: =IFERROR(VLOOKUP("S3-015",Planning!$T:$AE,12,0),"") | E17: =IFERROR(VLOOKUP("S3-040",Planning!$T:$AE,12,0),"") | G17: =IFERROR(VLOOKUP("S3-068",Planning!$T:$AE,12,0),"") | H17: =IFERROR(VLOOKUP("S3-086",Planning!$T:$AE,12,0),"")
H18: =IFERROR(VLOOKUP("S3-087",Planning!$T:$AE,12,0),"")
A19: 9éme (B) | C19: =IFERROR(VLOOKUP("S3-016",Planning!$T:$AE,12,0),"") | D19: =IFERROR(VLOOKUP("S3-028",Planning!$T:$AE,12,0),"") | G19: =IFERROR(VLOOKUP("S3-069",Planning!$T:$AE,12,0),"") | H19: =IFERROR(VLOOKUP("S3-088",Planning!$T:$AE,12,0),"")
H20: =IFERROR(VLOOKUP("S3-089",Planning!$T:$AE,12,0),"")
A21: 9éme (C) | D21: =IFERROR(VLOOKUP("S3-029",Planning!$T:$AE,12,0),"") | E21: =IFERROR(VLOOKUP("S3-041",Planning!$T:$AE,12,0),"") | F21: =IFERROR(VLOOKUP("S3-053",Planning!$T:$AE,12,0),"") | G21: =IFERROR(VLOOKUP("S3-070",Planning!$T:$AE,12,0),"")
A22: CYCLE SECONDAIRE (8 classes)
A23: 1ére (A) | B23: =IFERROR(VLOOKUP("S3-005",Planning!$T:$AE,12,0),"") | C23: =IFERROR(VLOOKUP("S3-017",Planning!$T:$AE,12,0),"") | E23: =IFERROR(VLOOKUP("S3-042",Planning!$T:$AE,12,0),"") | F23: =IFERROR(VLOOKUP("S3-054",Planning!$T:$AE,12,0),"") | H23: =IFERROR(VLOOKUP("S3-090",Planning!$T:$AE,12,0),"")
H24: =IFERROR(VLOOKUP("S3-091",Planning!$T:$AE,12,0),"")
A25: 1ére (B) | C25: =IFERROR(VLOOKUP("S3-018",Planning!$T:$AE,12,0),"") | D25: =IFERROR(VLOOKUP("S3-030",Planning!$T:$AE,12,0),"") | F25: =IFERROR(VLOOKUP("S3-055",Planning!$T:$AE,12,0),"") | H25: =IFERROR(VLOOKUP("S3-092",Planning!$T:$AE,12,0),"")
A26: 2éme Eco | C26: =IFERROR(VLOOKUP("S3-019",Planning!$T:$AE,12,0),"") | D26: =IFERROR(VLOOKUP("S3-031",Planning!$T:$AE,12,0),"") | E26: =IFERROR(VLOOKUP("S3-043",Planning!$T:$AE,12,0),"") | F26: =IFERROR(VLOOKUP("S3-056",Planning!$T:$AE,12,0),"") | G26: =IFERROR(VLOOKUP("S3-071",Planning!$T:$AE,12,0),"") | H26: =IFERROR(VLOOKUP("S3-093",Planning!$T:$AE,12,0),"")
A27: 2éme SCE | E27: =IFERROR(VLOOKUP("S3-044",Planning!$T:$AE,12,0),"") | G27: =IFERROR(VLOOKUP("S3-072",Planning!$T:$AE,12,0),"") | H27: =IFERROR(VLOOKUP("S3-094",Planning!$T:$AE,12,0),"")
A28: 2éme INFO | E28: =IFERROR(VLOOKUP("S3-045",Planning!$T:$AE,12,0),"") | G28: =IFERROR(VLOOKUP("S3-073",Planning!$T:$AE,12,0),"")
F29: =IFERROR(VLOOKUP("S3-057",Planning!$T:$AE,12,0),"")
A30: 3éme Eco | D30: =IFERROR(VLOOKUP("S3-032",Planning!$T:$AE,12,0),"") | E30: =IFERROR(VLOOKUP("S3-046",Planning!$T:$AE,12,0),"") | F30: =IFERROR(VLOOKUP("S3-058",Planning!$T:$AE,12,0),"") | G30: =IFERROR(VLOOKUP("S3-074",Planning!$T:$AE,12,0),"") | H30: =IFERROR(VLOOKUP("S3-095",Planning!$T:$AE,12,0),"")
H31: =IFERROR(VLOOKUP("S3-096",Planning!$T:$AE,12,0),"")
A32: 3éme INFO | B32: =IFERROR(VLOOKUP("S3-006",Planning!$T:$AE,12,0),"") | D32: =IFERROR(VLOOKUP("S3-033",Planning!$T:$AE,12,0),"") | G32: =IFERROR(VLOOKUP("S3-075",Planning!$T:$AE,12,0),"") | H32: =IFERROR(VLOOKUP("S3-097",Planning!$T:$AE,12,0),"")
A33: 3éme SCE | B33: =IFERROR(VLOOKUP("S3-007",Planning!$T:$AE,12,0),"") | G33: =IFERROR(VLOOKUP("S3-076",Planning!$T:$AE,12,0),"") | H33: =IFERROR(VLOOKUP("S3-098",Planning!$T:$AE,12,0),"")
A34: CYCLE BAC (3 classes)
A35: Bac Eco | B35: =IFERROR(VLOOKUP("S3-008",Planning!$T:$AE,12,0),"") | C35: =IFERROR(VLOOKUP("S3-020",Planning!$T:$AE,12,0),"") | E35: =IFERROR(VLOOKUP("S3-047",Planning!$T:$AE,12,0),"") | F35: =IFERROR(VLOOKUP("S3-059",Planning!$T:$AE,12,0),"") | G35: =IFERROR(VLOOKUP("S3-077",Planning!$T:$AE,12,0),"") | H35: =IFERROR(VLOOKUP("S3-100",Planning!$T:$AE,12,0),"")
H36: =IFERROR(VLOOKUP("S3-099",Planning!$T:$AE,12,0),"")
A37: Bac SCE | B37: =IFERROR(VLOOKUP("S3-009",Planning!$T:$AE,12,0),"") | D37: =IFERROR(VLOOKUP("S3-034",Planning!$T:$AE,12,0),"") | G37: =IFERROR(VLOOKUP("S3-078",Planning!$T:$AE,12,0),"")
C38: =IFERROR(VLOOKUP("S3-021",Planning!$T:$AE,12,0),"")
A39: Bac INFO | B39: =IFERROR(VLOOKUP("S3-010",Planning!$T:$AE,12,0),"") | D39: =IFERROR(VLOOKUP("S3-035",Planning!$T:$AE,12,0),"") | G39: =IFERROR(VLOOKUP("S3-079",Planning!$T:$AE,12,0),"") | H39: =IFERROR(VLOOKUP("S3-101",Planning!$T:$AE,12,0),"")

Sheet S4 05-11 oct
A1: S4 · DU 5 AU 11 OCTOBRE 2026 | SEMAINE B
A2: Une case = une séance : horaire / matière / enseignant. Chaque matière a sa couleur. Une case fusionnée sur plusieurs classes = séance commune à ces groupes. Q-A ou Q-B = une semaine sur deux. OPT = cours au choix. Les couleurs sont modifiables à la main ; seul un statut ⚑ les remplace.
A3: Classe / Groupe | B3: Lundi 05/10 | C3: Mardi 06/10 | D3: Mercredi 07/10 | E3: Jeudi 08/10 | F3: Vendredi 09/10 | G3: Samedi 10/10 | H3: Dimanche 11/10
A5: CYCLE PRIMAIRE (4 classes)
A6: 4éme | B6: =IFERROR(VLOOKUP("S4-001",Planning!$T:$AE,12,0),"") | D6: =IFERROR(VLOOKUP("S4-019",Planning!$T:$AE,12,0),"") | G6: =IFERROR(VLOOKUP("S4-055",Planning!$T:$AE,12,0),"")
A7: 5éme | C7: =IFERROR(VLOOKUP("S4-009",Planning!$T:$AE,12,0),"") | E7: =IFERROR(VLOOKUP("S4-032",Planning!$T:$AE,12,0),"") | F7: =IFERROR(VLOOKUP("S4-044",Planning!$T:$AE,12,0),"") | G7: =IFERROR(VLOOKUP("S4-056",Planning!$T:$AE,12,0),"") | H7: =IFERROR(VLOOKUP("S4-071",Planning!$T:$AE,12,0),"")
A8: 6éme Pilote (A) | B8: =IFERROR(VLOOKUP("S4-002",Planning!$T:$AE,12,0),"") | D8: =IFERROR(VLOOKUP("S4-020",Planning!$T:$AE,12,0),"") | F8: =IFERROR(VLOOKUP("S4-045",Planning!$T:$AE,12,0),"") | G8: =IFERROR(VLOOKUP("S4-057",Planning!$T:$AE,12,0),"")
A9: 6éme (B) | C9: =IFERROR(VLOOKUP("S4-010",Planning!$T:$AE,12,0),"") | E9: =IFERROR(VLOOKUP("S4-033",Planning!$T:$AE,12,0),"") | G9: =IFERROR(VLOOKUP("S4-058",Planning!$T:$AE,12,0),"")
A10: CYCLE COLLÈGE (8 classes)
A11: 7éme (A) | D11: =IFERROR(VLOOKUP("S4-021",Planning!$T:$AE,12,0),"") | F11: =IFERROR(VLOOKUP("S4-046",Planning!$T:$AE,12,0),"") | G11: =IFERROR(VLOOKUP("S4-060",Planning!$T:$AE,12,0),"") | H11: =IFERROR(VLOOKUP("S4-072",Planning!$T:$AE,12,0),"")
A12: 7éme (B) | B12: =IFERROR(VLOOKUP("S4-003",Planning!$T:$AE,12,0),"") | C12: =IFERROR(VLOOKUP("S4-011",Planning!$T:$AE,12,0),"") | F12: =IFERROR(VLOOKUP("S4-047",Planning!$T:$AE,12,0),"") | G12: =IFERROR(VLOOKUP("S4-059",Planning!$T:$AE,12,0),"") | H12: =IFERROR(VLOOKUP("S4-073",Planning!$T:$AE,12,0),"")
A13: 8éme (A) | D13: =IFERROR(VLOOKUP("S4-022",Planning!$T:$AE,12,0),"") | E13: =IFERROR(VLOOKUP("S4-034",Planning!$T:$AE,12,0),"") | F13: =IFERROR(VLOOKUP("S4-048",Planning!$T:$AE,12,0),"") | G13: =IFERROR(VLOOKUP("S4-062",Planning!$T:$AE,12,0),"") | H13: =IFERROR(VLOOKUP("S4-074",Planning!$T:$AE,12,0),"")
